Keywords,Search Volume (Average),Search Volume (Sep 2024),Search Volume (Oct 2024),Search Volume (Nov 2024),Search Volume (Dec 2024),Search Volume (Jan 2025),Search Volume (Feb 2025),Search Volume (Mar 2025),Search Volume (Apr 2025),Search Volume (May 2025),Search Volume (Jun 2025),Search Volume (Jul 2025),Search Volume (Aug 2025),Search Volume (Sep 2025),Search Volume (Oct 2025),Search Volume (Nov 2025),Search Volume (Dec 2025),Search Volume (Jan 2026),Search Volume (Feb 2026),Search Volume (Mar 2026),Search Volume (Apr 2026),Search Volume (May 2026),Search Volume (Jun 2026),Search Volume (Jul 2026),Search Volume (Aug 2026),Trend,Top of Page Bid (Low Range) (JPY),Top of Page Bid (High Range) (JPY),Competition
hsp,368000,450000,550000,450000,450000,450000,450000,450000,450000,550000,450000,450000,550000,450000,450000,450000,368000,450000,368000,450000,450000,368000,368000,301000,301000,-33,4.07,177.70,3
henoch schönlein purpura hsp,368000,450000,550000,450000,450000,450000,450000,450000,450000,550000,450000,450000,550000,450000,450000,450000,368000,450000,368000,450000,450000,368000,368000,301000,301000,-33,4.08,178.25,3
hsp toha,110000,165000,135000,135000,110000,135000,135000,135000,135000,135000,110000,110000,246000,135000,110000,110000,90500,110000,110000,110000,90500,110000,110000,110000,90500,-45,1.90,106.24,5
hsp とは,110000,165000,135000,135000,110000,135000,135000,135000,135000,135000,110000,110000,246000,135000,110000,110000,90500,110000,110000,110000,90500,110000,110000,110000,90500,-45,1.90,106.24,5
hspとは,110000,165000,135000,135000,110000,135000,135000,135000,135000,135000,110000,110000,246000,135000,110000,110000,90500,110000,110000,110000,90500,110000,110000,110000,90500,-45,1.90,106.24,5
hsp 診断,33100,60500,60500,60500,60500,60500,60500,60500,60500,49500,49500,40500,74000,49500,40500,27100,33100,40500,40500,40500,33100,33100,33100,33100,27100,-55,8.00,128.08,12
hspnet,33100,33100,22200,33100,33100,40500,22200,33100,33100,27100,22200,27100,49500,33100,27100,33100,40500,40500,22200,27100,40500,27100,18100,22200,49500,50,0.00,0.00,0
test hsp,14800,22200,22200,27100,22200,27100,22200,22200,18100,18100,18100,18100,18100,18100,18100,14800,14800,14800,14800,14800,14800,14800,14800,14800,12100,-45,28.55,174.65,38
hss 型 hsp,12100,14800,14800,9900,12100,12100,18100,18100,18100,18100,18100,12100,18100,14800,12100,14800,12100,12100,9900,12100,12100,12100,12100,14800,12100,-18,52.98,232.85,5
what is hsp disease,12100,8100,8100,9900,8100,9900,9900,9900,9900,12100,9900,8100,9900,9900,9900,9900,12100,14800,12100,12100,27100,9900,8100,9900,12100,49,4.70,314.54,1
hsp 特徴,9900,14800,12100,12100,12100,12100,14800,14800,14800,14800,12100,9900,27100,12100,9900,12100,9900,12100,9900,9900,9900,9900,9900,9900,8100,-45,2.04,100.15,6
hsp診断テスト,9900,33100,27100,22200,22200,22200,22200,22200,18100,18100,18100,14800,27100,27100,12100,6600,9900,12100,12100,9900,6600,6600,6600,6600,6600,-80,1.75,92.22,15
hspnet login,8100,6600,3600,5400,8100,6600,4400,6600,8100,5400,4400,6600,12100,8100,5400,6600,12100,9900,5400,5400,8100,6600,4400,6600,14800,124,0.00,0.00,0
hsp セルフチェック,6600,14800,14800,8100,12100,18100,18100,22200,18100,18100,14800,12100,60500,4400,12100,8100,9900,9900,6600,5400,4400,3600,2900,4400,5400,-64,1.64,59.33,15
hsp 顔つき,6600,1300,1600,1600,1900,2400,3600,3600,3600,3600,2900,2900,5400,3600,3600,3600,4400,6600,8100,8100,8100,9900,9900,9900,8100,523,2.95,190.28,0
mustang 5.0 hp,5400,6600,6600,5400,6600,6600,6600,8100,8100,8100,6600,6600,6600,6600,6600,5400,5400,5400,5400,5400,5400,5400,5400,4400,4400,-33,116.15,462.87,93
highly sensitive person hsp,4400,2900,3600,3600,3600,4400,3600,3600,3600,4400,4400,4400,5400,5400,5400,5400,5400,5400,4400,4400,4400,3600,4400,3600,4400,52,8.00,166.71,13
hsp70,4400,5400,5400,5400,4400,5400,4400,5400,5400,4400,4400,3600,3600,5400,5400,5400,4400,4400,4400,4400,4400,4400,3600,2900,2900,-46,174.97,666.68,4
hspn airport,4400,5400,4400,3600,3600,3600,4400,4400,4400,12100,3600,4400,3600,3600,4400,5400,4400,4400,4400,4400,4400,4400,4400,5400,4400,-19,12.41,118.69,1
what does jsp mean,4400,5400,5400,5400,5400,5400,4400,6600,6600,5400,6600,5400,5400,4400,4400,4400,4400,4400,4400,4400,4400,5400,4400,4400,3600,-33,0.00,0.00,0
hsp 仕事,3600,6600,6600,5400,5400,5400,5400,5400,6600,6600,5400,5400,5400,4400,4400,4400,3600,3600,2900,3600,2900,3600,2900,2400,2400,-64,82.75,377.00,30
hsp 向いてる仕事,3600,4400,4400,3600,3600,3600,3600,4400,4400,3600,3600,3600,6600,3600,2900,2900,3600,4400,4400,4400,3600,2400,2900,2900,2400,-45,55.05,318.37,28
仕事 hsp,3600,6600,6600,5400,5400,5400,5400,5400,6600,6600,5400,5400,5400,4400,4400,4400,3600,3600,2900,3600,2900,3600,2900,2400,2400,-64,82.75,377.00,30
5.0 hp,2900,2900,2900,2900,2900,2900,2400,2900,2900,2900,2900,2900,2900,2400,2400,2400,2400,3600,2900,2900,2900,2900,2900,2900,2900,0,19.32,"1,074.05",6
hsp 90,2400,3600,3600,3600,2900,3600,2900,3600,2900,2900,2900,2400,2400,2900,2900,3600,2400,2400,2400,2900,2900,2400,2400,1900,1900,-47,235.90,786.34,4
hsp あるある,2400,1600,1600,1300,1600,1600,2400,2900,2900,2900,2900,2900,6600,3600,3600,3600,2400,2400,1900,2400,1900,1600,1000,1000,880,-45,3.17,106.68,0
adhd hsp,1900,2400,2900,2900,2400,2400,2400,2900,2900,2400,2400,2400,2400,2400,2400,2400,1900,1900,1900,2400,1900,1900,1900,1900,1900,-21,25.44,471.81,2
ubc hsp,1600,2400,1900,1900,1000,3600,1600,2900,1300,880,1000,480,260,2900,1900,2900,1600,3600,1600,2900,1600,720,880,390,170,-93,0.00,0.00,0
hsp person,1300,1300,1300,1300,1600,1600,1300,1300,1000,1000,1300,1600,1600,1600,1600,1300,1300,1300,2400,1300,1300,1300,1000,1000,880,-32,8.28,157.30,7
hsp テスト,1300,390,390,390,320,390,390,390,320,480,390,390,135000,6600,2900,3600,1000,590,390,320,320,320,320,260,210,-46,6.45,145.96,18
hsp 気質とは,1300,880,720,590,590,590,590,720,880,880,880,880,1900,1300,720,1000,1000,1600,1300,1300,1300,1300,1300,1300,1000,14,2.96,145.72,4
hsp 種類,1300,1900,1900,1600,1600,1600,1900,1600,1600,1600,1600,1600,1900,1600,1600,1600,1300,1300,1000,1300,1000,1000,880,880,880,-54,2.75,183.69,1
hspとは 特徴 女性,1300,590,480,480,480,480,590,480,590,390,320,260,880,480,320,2400,1300,1300,1300,1600,1300,1000,1000,1000,1000,69,2.15,91.88,5
830 hp,1000,1600,1600,1900,1300,1600,1300,1600,1300,1600,1300,1300,1300,1600,1300,1300,1000,1000,1000,1000,1000,1000,1000,880,1000,-38,16.24,249.62,98
hsp 本,1000,1900,1600,1600,1300,1600,1600,1600,1600,1600,1600,1300,1900,1600,1600,1300,1300,1000,1000,1000,880,880,1000,880,1000,-47,6.73,159.05,90
hsp 治したい,1000,480,480,480,390,390,480,1300,1600,1600,880,1000,1900,1600,1300,1300,1300,1300,880,1000,880,720,720,720,720,50,7.09,185.27,19
hsp 症状,1000,2400,2400,1600,1900,1900,1600,1600,1000,1000,880,880,1900,1000,880,1900,1300,1300,1000,1000,1000,1000,880,1000,880,-63,2.11,90.92,5
hsp 発達障害,1000,1300,1300,1300,1300,1300,1300,1300,1300,1300,1300,1300,1900,1300,1600,1300,1000,1000,1000,880,880,880,880,1000,880,-32,49.31,425.62,1
what does hsp stand for,1000,1300,1300,1900,1300,1300,1000,1300,1300,2400,2400,1300,1600,1300,1300,1300,1000,1300,1000,1300,1000,1300,1000,1000,1300,0,0.00,0.00,0
820 hp,880,1600,1600,1300,1300,1600,1300,1300,1000,1000,880,1000,1000,1000,1000,880,880,880,880,880,880,880,880,880,880,-45,9.84,153.84,69
hsp 診断 無料,880,390,390,210,170,320,390,480,480,390,320,390,22200,880,1300,1300,590,720,590,590,720,720,880,880,720,85,3.29,112.72,21
hsp 診断 病院,880,1300,1300,1000,1000,1300,1000,1000,1600,1600,1300,1300,2400,1300,1000,1300,880,880,720,880,720,720,590,720,720,-45,84.10,295.20,19
hspn,880,880,880,880,720,880,1000,1000,1000,880,880,880,880,1000,880,880,1000,880,880,880,880,720,720,720,720,-18,0.00,0.00,0
infj + hsp,880,1300,1300,1300,1000,1300,1000,1300,1000,1300,1000,1000,1300,1000,1000,1000,880,880,880,880,880,1000,880,880,720,-45,0.00,0.00,0
infj × hsp,880,1300,1300,1300,1000,1300,1000,1300,1000,1300,1000,1000,1300,1000,1000,1000,880,880,880,880,880,1000,880,880,720,-45,0.00,0.00,0
hsp 薬,720,880,1000,880,880,880,720,880,880,880,880,720,880,720,720,720,590,720,720,880,720,720,720,590,720,-18,52.95,293.47,1
考え すぎ て しまう hsp,720,1300,1000,880,720,880,720,720,720,720,590,590,590,590,590,590,590,590,590,720,720,880,720,720,880,-32,3.24,124.71,13
94123 hsp,590,480,590,590,590,590,720,720,590,590,480,590,480,480,480,590,720,720,480,590,720,590,590,590,590,23,4.72,40.06,99
hsp 94123,590,480,590,590,590,590,720,720,590,590,480,590,480,480,480,590,720,720,480,590,720,590,590,590,590,23,4.72,40.06,99
hsp 北海道サバイバルゲームパーク,590,720,480,210,70,90,90,140,590,1300,880,480,1000,1000,720,320,140,140,110,210,590,1000,720,590,880,22,0.00,0.00,2
hsp 有名人,590,1900,1600,1300,1300,1300,1300,1000,1000,1000,1000,880,1900,1000,880,590,590,720,590,720,590,480,480,480,480,-75,0.00,0.00,0
hsp 楽に なる方法,590,1300,1000,1000,880,1300,1300,1300,1300,1000,880,880,1300,1000,720,720,590,590,590,720,390,590,390,320,480,-63,43.23,299.97,25
hsp 考えすぎて眠れない,590,1000,1000,880,720,1000,880,1000,880,880,880,720,1000,880,720,590,480,590,720,590,590,590,480,590,590,-41,5.22,160.06,2
what is hsp food,590,720,720,590,590,590,590,720,590,720,720,720,720,590,590,590,480,480,480,590,590,590,590,720,720,0,0.00,0.00,0
繊細 さん hsp,590,170,210,210,210,260,210,210,390,480,480,590,480,590,1000,480,390,590,720,880,590,390,320,390,480,182,4.30,106.49,13
800 hp,480,390,390,720,390,390,390,480,390,390,480,390,390,390,390,320,390,390,390,390,390,480,480,720,880,126,0.00,0.00,5
hsp こども,480,880,880,720,720,720,720,720,880,880,720,720,880,720,590,390,590,590,480,480,590,590,480,480,390,-56,1.92,29.75,5
hsp 一人 に なりたい,480,1000,1000,720,480,590,590,590,480,590,480,590,720,720,480,480,480,590,480,480,390,390,390,260,320,-68,0.00,0.00,1
hsp 夫といると疲れる,480,720,590,720,590,590,590,590,480,720,590,480,720,720,590,390,480,480,480,480,480,590,390,320,590,-18,0.00,0.00,1
hsp 恋愛,480,1000,1300,880,880,1000,880,880,880,880,720,720,720,720,590,720,590,590,480,590,390,480,390,390,390,-61,0.00,0.00,0
hsp 顔つき 女,480,0,90,140,210,260,320,390,320,390,320,390,480,210,320,260,390,720,590,720,590,720,590,720,480,433,0.00,0.00,0
hspnet canada,480,480,390,480,480,590,480,590,880,720,720,590,720,720,480,390,480,590,480,720,720,480,390,260,390,-19,0.00,0.00,0
icd 10 hsp,480,390,390,390,390,390,390,390,480,390,390,480,480,480,590,480,480,480,480,480,480,480,480,390,590,51,0.00,0.00,0
仕事から帰ると寝て しまう hsp,480,720,720,480,390,590,480,590,720,720,720,590,590,720,590,390,320,390,390,320,480,480,480,480,480,-33,35.32,231.26,1
家族といると疲れる hsp,480,1000,880,720,590,720,590,480,390,590,390,480,590,590,320,390,480,590,480,590,390,590,480,480,590,-41,1.55,92.51,2
気 にし すぎる 性格 hsp,480,880,720,590,480,480,480,480,480,390,390,390,480,480,390,390,390,480,480,390,480,480,480,480,390,-56,3.06,96.74,8
94111 hsp,390,480,590,480,590,590,480,480,480,390,390,320,320,320,320,260,320,480,480,390,390,480,320,320,390,-19,0.00,0.00,100
asd/hsp,390,390,390,390,320,390,390,480,390,390,390,390,480,390,480,390,390,390,390,390,390,480,480,390,390,0,0.00,0.00,1
chicken hsp,390,480,480,390,390,390,480,590,480,590,480,480,590,480,480,390,390,320,390,390,390,480,390,390,480,0,0.00,0.00,1
hsp 94111,390,480,590,480,590,590,480,480,480,390,390,320,320,320,320,260,320,480,480,390,390,480,320,320,390,-19,0.00,0.00,100
hsp visa,390,260,260,320,320,320,260,260,260,260,260,260,320,320,480,320,390,390,390,480,480,390,320,390,480,85,0.00,0.00,1
hsp イグニッションコイル,390,260,320,260,320,320,320,320,320,320,320,320,320,260,720,390,390,390,320,390,320,320,320,260,260,0,0.00,0.00,3
hsp 仕事続かない,390,590,590,880,880,720,590,590,590,880,720,590,320,390,390,320,320,390,390,390,390,320,390,320,390,-34,130.16,544.21,11
hsp 型,390,480,480,320,390,390,590,480,480,480,480,480,480,480,390,390,390,320,320,390,390,390,320,320,260,-46,2.83,135.69,1
hsp 特徴 女性,390,140,260,170,210,210,210,210,170,170,210,170,260,210,210,480,390,390,390,390,320,320,390,390,390,179,2.81,123.32,2
hsp 遺伝,390,480,480,390,390,390,480,480,480,480,390,390,720,480,390,480,480,390,390,390,320,320,260,320,260,-46,0.00,0.00,0
めぐみヨガ hsp,390,390,390,390,390,390,390,480,320,320,320,320,260,390,390,390,390,390,390,390,480,480,480,390,480,23,0.00,0.00,0
急な予定変更 苦手 hsp,390,480,480,480,390,390,390,480,390,480,260,320,390,390,390,390,480,390,390,390,390,480,390,480,390,-19,0.00,0.00,1
旅行 嫌い hsp,390,590,480,390,390,480,390,480,320,390,320,390,480,480,390,390,320,320,390,480,320,390,320,390,480,-19,0.00,0.00,0
気を使いすぎて疲れる hsp,390,480,390,390,320,390,320,390,390,390,320,320,320,320,390,390,320,390,320,320,390,590,480,210,210,-56,3.97,100.96,9
hsp 2026,320,0,0,0,0,0,0,0,40,40,40,50,70,140,170,210,390,480,480,1000,320,170,140,140,140,250,0.00,0.00,0
hsp 70 antibody,320,260,260,210,260,320,320,480,480,390,260,210,260,1300,260,210,170,260,170,210,170,170,210,210,140,-46,219.97,"1,179.52",45
hsp つらい,320,480,480,480,390,480,390,390,480,480,480,390,480,390,390,390,390,390,320,320,320,260,320,260,260,-46,4.60,148.53,13
hsp タイプ 診断,320,210,210,170,140,210,210,260,210,260,260,210,1600,260,320,480,320,390,390,260,260,260,210,140,210,0,5.83,114.44,6
hsp チェック,320,590,590,390,390,480,390,390,320,390,320,320,1300,390,260,480,260,260,210,260,260,320,320,320,210,-64,1.61,104.74,10
hsp チェックリスト,320,210,260,260,260,260,320,320,320,390,390,390,1000,390,390,720,320,320,320,320,320,390,260,260,260,24,1.66,137.20,5
hsp 向いてる仕事 未経験,320,590,590,480,480,480,390,320,320,320,320,260,390,480,320,480,390,480,390,480,320,260,170,210,170,-71,123.05,525.73,29
hsp 意味,320,590,480,480,480,480,480,480,480,480,480,390,590,390,390,390,390,390,390,390,260,320,260,260,260,-56,0.00,0.00,1
hsp 疲れやすい,320,480,590,390,390,480,390,390,480,480,390,320,480,390,390,320,320,390,320,260,260,260,260,320,260,-46,0.00,0.00,1
hsp 辛い,320,480,480,480,390,480,390,390,480,480,480,390,480,390,390,390,390,390,320,320,320,260,320,260,260,-46,4.60,148.53,13
hsp 適職,320,480,720,590,480,590,480,480,480,480,480,480,390,390,390,390,320,320,320,320,320,320,210,210,170,-65,86.51,378.27,29
hspnet ontario,320,880,720,1000,1300,1000,390,880,1000,320,210,320,590,260,110,210,480,320,140,390,720,320,140,170,390,-56,0.00,0.00,0
hsp女性 モテ る,320,320,320,260,140,140,170,210,210,140,170,170,320,260,260,390,390,480,480,480,390,320,260,260,260,-19,0.00,0.00,0
melbourne hsp,320,140,110,110,170,170,140,140,170,170,210,320,260,260,260,320,390,260,320,390,320,390,390,390,390,179,0.00,0.00,2
声が大きい人 苦手 hsp,320,390,320,320,320,260,210,320,320,320,320,320,260,320,320,320,320,260,260,320,390,320,260,320,260,-33,0.00,0.00,0
失敗 を 引きずる hsp,320,480,480,390,390,390,390,390,390,390,320,320,320,390,390,390,320,390,320,320,320,320,320,320,320,-33,18.92,117.33,2
失敗を引きずる hsp,320,480,480,390,390,390,390,390,390,390,320,320,320,390,390,390,320,390,320,320,320,320,320,320,320,-33,18.92,117.33,2
株式 会社 hsp,320,170,140,170,210,210,210,260,260,260,260,260,320,260,210,260,260,260,260,480,320,390,390,260,260,53,0.00,0.00,1
注意されると落ち込む hsp,320,210,210,140,170,170,170,170,170,140,140,170,260,260,260,320,320,260,260,260,390,480,320,320,320,52,3.05,99.77,2
非hss型 hsp,320,880,880,590,720,720,880,880,720,720,720,590,880,590,390,480,480,390,320,260,260,170,140,110,140,-84,0.00,0.00,0
3人以上 話せない hsp,260,720,720,480,480,480,390,320,390,320,260,260,260,320,480,260,320,260,320,320,390,260,210,140,110,-85,0.00,0.00,1
adhd hsp 併発,260,170,210,170,170,140,170,210,170,140,140,210,210,110,140,170,260,320,320,320,260,260,260,260,170,0,0.00,0.00,0
hsp 1 10 rc car,260,210,260,320,390,390,320,260,260,260,260,260,210,170,170,210,320,390,260,260,320,260,210,210,260,24,17.30,45.50,100
hsp 60,260,590,480,480,320,390,320,390,390,480,320,260,260,390,390,320,210,260,320,210,260,260,210,210,260,-56,0.00,0.00,1
hsp しんどい,260,320,390,260,260,260,260,260,320,260,260,260,260,260,260,260,210,260,210,210,210,210,210,260,260,-19,2.97,166.07,9
hsp タイプ,260,390,390,260,260,260,320,320,320,390,320,320,390,320,320,260,320,260,260,260,210,210,210,140,170,-56,0.00,0.00,1
hsp 割合,260,480,480,390,320,390,320,320,390,390,390,320,390,320,320,390,320,260,210,210,210,210,170,210,210,-56,0.00,0.00,0
hsp 向いてる仕事 女性,260,10,10,10,10,20,10,10,20,10,20,20,30,30,90,140,170,260,260,320,320,390,320,320,260,2500,81.56,329.77,23
hsp 性格,260,390,390,320,320,320,320,320,320,320,320,260,320,260,260,260,260,260,260,260,260,210,210,260,210,-46,9.37,126.17,1
hsp 東京 合わない,260,210,210,210,260,210,210,260,260,260,210,260,260,320,210,210,170,260,260,320,320,260,210,110,140,-33,0.00,0.00,0
hsp 繊細さん,260,170,210,210,210,210,260,260,210,210,260,210,480,320,260,260,260,320,260,260,210,210,260,210,170,0,0.00,0.00,11
hsp 誕生日 嫌い,260,260,260,260,210,170,170,170,210,210,210,210,210,320,260,320,390,320,320,320,260,320,210,210,260,0,0.00,0.00,0
reddit hsp,260,320,320,320,260,480,260,320,260,320,260,320,320,260,320,320,260,260,210,260,210,210,210,210,210,-34,0.00,0.00,0
what is hsp medical,260,40,50,70,50,90,110,140,140,140,90,110,90,110,140,210,260,320,320,320,720,210,210,210,260,550,0.00,0.00,0
エイチ エスエス 型 hsp,260,320,170,210,260,320,390,320,320,320,170,260,390,480,260,390,320,260,260,110,210,260,260,260,110,-66,0.00,0.00,3
ミス 落ち込みすぎる hsp,260,320,260,260,320,320,260,320,320,320,320,320,260,320,320,320,320,320,260,260,260,260,260,260,170,-47,0.00,0.00,2
ミソフォニア hsp,260,390,590,590,480,320,390,320,390,390,320,260,260,260,390,320,320,320,260,260,260,210,170,140,90,-77,0.00,0.00,0
人付き合い 苦手 hsp,260,720,720,590,480,590,590,590,480,480,480,480,480,590,590,390,320,320,260,210,210,140,140,110,140,-81,0.00,0.00,2
仕事のことが頭から離れない hsp,260,140,140,90,140,110,140,170,170,210,210,170,260,260,260,210,260,260,260,320,260,260,170,210,140,0,75.76,461.93,5
繊細 さん hsp 診断,260,90,320,260,480,210,110,20,110,170,320,260,1600,480,170,260,260,480,390,170,210,140,210,110,50,-44,4.78,129.73,16
飲み 会 疲れる hsp,260,210,170,140,210,140,170,260,320,210,210,170,170,210,210,260,390,210,170,320,320,210,260,170,140,-33,0.00,0.00,0
how to deal with hsp,210,320,320,390,320,260,260,320,320,210,210,260,210,210,260,210,210,210,170,210,170,170,170,170,170,-47,4.69,181.80,18
hsp 02024,210,90,140,90,110,110,90,110,90,90,110,90,110,140,170,170,170,260,210,210,170,210,320,260,260,189,0.00,0.00,71
hsp 1 10 buggy,210,260,260,260,260,260,210,210,210,260,210,170,210,210,260,210,210,210,260,210,210,210,210,170,210,-19,17.30,112.80,100
hsp 94122,210,260,260,210,210,170,170,170,170,170,170,210,170,210,210,170,210,260,210,210,260,210,260,260,260,0,0.00,0.00,100
hsp の特徴,210,320,260,320,390,720,1900,880,210,260,260,210,320,260,210,260,210,260,260,210,260,210,210,210,170,-47,1.61,67.39,6
hsp めんどくさい,210,320,320,320,320,320,320,320,260,320,260,260,320,320,210,140,260,260,210,170,210,210,170,170,170,-47,0.00,0.00,0
hsp イグニッションコイル 評判,210,30,90,90,140,110,140,110,90,110,110,140,170,170,260,170,210,260,260,210,210,210,170,260,210,600,0.00,0.00,0
hsp コミュニティ,210,320,320,260,210,320,260,320,260,320,260,260,260,260,320,170,210,260,210,210,210,210,170,110,140,-56,0.00,0.00,1
hsp ニュース つらい,210,390,480,390,480,720,390,390,320,390,260,320,260,260,260,260,210,210,140,260,320,170,110,140,70,-82,0.00,0.00,0
hsp 交流会,210,320,320,260,210,320,260,210,260,260,210,320,320,390,260,260,170,210,210,320,210,210,170,140,170,-47,0.00,0.00,0
hsp 友達 疲れる,210,480,590,390,260,260,320,260,260,320,260,260,210,210,260,260,260,210,170,210,210,210,110,170,170,-65,0.00,0.00,0
hsp 旅行 疲れる,210,880,720,590,320,390,480,480,260,320,260,260,390,390,260,320,170,140,210,210,140,170,90,90,170,-81,0.00,0.00,0
hsp 本 おすすめ,210,210,320,320,390,210,260,320,170,210,170,140,210,140,140,210,210,320,260,260,260,320,210,210,210,0,7.95,196.95,97
hsp 漢方,210,260,260,210,170,260,260,260,320,260,210,170,260,260,210,210,260,260,260,210,170,210,170,170,140,-46,0.00,0.00,3
hsp 特徴 男性,210,140,170,90,90,140,110,90,90,110,90,70,170,110,170,390,260,260,260,320,170,140,170,210,210,50,0.00,0.00,2
hsp 転職,210,480,480,390,480,390,320,390,390,390,390,320,320,320,260,260,210,260,260,260,210,210,170,140,140,-71,214.17,"1,178.03",53
hsp 音に敏感,210,260,260,260,90,260,210,210,210,210,140,110,260,260,260,320,260,210,140,140,210,210,170,170,210,-19,0.00,0.00,0
hsp 顔つき 男,210,170,170,140,110,90,90,140,170,170,140,90,110,90,110,170,170,210,210,140,110,260,320,320,320,88,0.00,0.00,0
hspnet bc,210,390,320,390,320,390,320,390,390,390,320,260,320,320,140,320,260,210,210,320,260,170,170,170,110,-72,0.00,0.00,0
jn-282ips4kp-hsp-c90w,210,210,260,260,390,210,260,260,260,260,210,210,590,390,320,260,260,170,140,210,260,140,140,140,170,-19,12.18,51.40,100
エンパス hsp 違い,210,390,390,320,260,390,320,390,210,260,320,260,320,260,210,260,260,260,210,260,260,170,210,170,170,-56,0.00,0.00,0
人と いると 疲れる hsp,210,590,720,480,390,390,320,390,390,320,320,260,260,260,260,260,210,140,210,170,260,320,260,210,210,-64,4.85,141.06,6
人の顔色を 伺う hsp,210,480,320,210,320,320,320,260,260,260,210,260,210,210,260,210,210,210,170,210,260,260,170,170,140,-71,2.53,78.93,7
人混み 頭痛 hsp,210,210,260,260,260,210,210,260,260,260,170,170,210,210,260,320,210,210,170,210,210,210,90,110,140,-33,0.00,0.00,0
季節の匂い わかる人 hsp,210,390,390,170,110,110,210,390,210,110,170,140,140,480,320,210,140,110,390,170,170,210,110,110,90,-77,0.00,0.00,0
新人は自称 hsp,210,390,170,90,320,110,50,390,880,320,50,480,70,480,70,170,50,320,70,260,880,40,170,30,20,-95,0.00,0.00,5
繊細 hsp,210,210,210,140,170,140,170,210,260,260,210,170,260,210,210,140,170,170,170,210,210,210,320,320,170,-19,2.97,123.19,6
褒められるのが苦手 hsp,210,320,390,390,260,260,260,260,260,210,210,210,210,260,260,260,210,260,260,210,210,170,140,170,140,-56,2.77,76.47,2
転職 hsp,210,480,480,390,480,390,320,390,390,390,390,320,320,320,260,260,210,260,260,260,210,210,170,140,140,-71,214.17,"1,178.03",53
1人の時間がないと ダメな人 hsp,170,140,210,210,210,210,140,210,210,260,210,210,260,260,170,140,110,170,170,170,210,210,210,170,210,50,16.67,90.44,2
adhd hsp 違い,170,260,260,170,170,210,210,110,140,210,170,170,210,140,110,170,170,210,140,210,170,170,210,210,140,-46,0.00,0.00,0
asd hsp 違い,170,170,140,210,210,210,210,210,170,140,170,170,170,170,140,170,170,210,170,140,170,210,210,170,170,0,0.00,0.00,0
hsp 3504 3mgh,170,140,170,140,110,170,140,210,210,170,170,170,110,140,170,140,140,140,170,210,170,140,210,170,140,0,109.43,943.61,90
hsp エンパス,170,210,210,170,140,140,170,140,170,110,110,140,260,170,170,210,210,170,170,170,170,170,210,140,90,-57,0.00,0.00,1
hsp カフェイン,170,260,210,260,210,320,260,320,260,320,390,260,260,260,260,210,210,210,170,170,170,140,110,140,90,-65,0.00,0.00,0
hsp 向いてる仕事 診断,170,720,720,480,260,480,480,480,480,390,390,390,390,320,390,170,110,140,170,260,170,140,110,170,110,-85,74.12,360.79,67
hsp 子育て,170,480,480,390,320,480,320,390,320,320,260,260,320,320,260,170,170,210,210,210,140,170,110,140,170,-65,4.94,170.74,40
hsp 対策,170,320,260,260,210,210,320,260,260,170,210,170,260,210,260,210,170,210,170,170,170,210,170,170,170,-47,0.00,0.00,12
hsp 後天的,170,260,260,170,170,210,260,260,210,320,210,260,260,260,260,170,210,210,210,170,170,170,140,110,170,-35,0.00,0.00,0
hsp 改善,170,260,260,260,210,260,260,260,260,260,170,170,260,210,210,260,210,170,170,210,140,140,140,140,140,-46,0.00,0.00,19
hsp 男,170,320,390,170,260,260,210,260,260,260,210,170,260,170,210,170,170,170,170,140,110,170,110,140,110,-66,0.00,0.00,0
hsp 知恵袋,170,260,210,210,210,260,210,260,210,210,210,210,260,260,260,170,170,210,170,170,170,140,170,110,110,-58,0.00,0.00,0
hsp 結婚,170,390,320,260,260,390,260,320,260,390,260,260,320,260,210,210,210,210,170,170,110,140,110,140,110,-72,0.00,0.00,0
hsp 飽き性 仕事,170,480,480,390,320,320,320,320,260,260,260,320,210,260,260,170,170,210,170,170,140,140,110,110,90,-81,94.32,520.02,6
hsp70 gene,170,210,260,210,260,260,210,320,320,260,210,210,170,210,210,210,170,140,210,210,170,210,170,140,140,-33,0.00,0.00,1
jn-ipsm27g240q-hsp,170,0,0,0,0,0,0,0,0,0,0,0,0,0,0,0,0,170,590,390,210,170,170,140,110,-35,0.00,0.00,54
ひとり反省会 hsp,170,170,170,210,170,260,170,210,210,110,90,110,110,140,140,140,110,140,170,210,210,210,170,140,110,-35,0.00,0.00,0
アクセサリー 苦手 hsp,170,170,170,170,170,170,170,140,110,140,140,140,110,170,140,140,170,170,170,140,140,170,140,170,140,-18,0.00,0.00,0
一度 嫌いになったら 無理 hsp,170,260,320,320,260,260,320,210,260,210,170,260,260,210,260,210,170,140,90,110,90,90,170,170,170,-35,0.00,0.00,1
人と 話すと涙が出る hsp,170,590,590,480,480,480,390,320,390,390,320,210,140,210,210,260,210,170,210,170,210,260,90,50,140,-76,2.71,127.89,6
優しくされると泣く hsp,170,320,260,210,170,260,170,210,210,210,170,170,210,210,260,210,170,170,170,170,170,170,140,50,50,-84,3.07,123.82,5
大きな音が苦手 hsp,170,10,10,10,10,10,10,10,10,10,10,10,10,10,10,20,30,70,170,210,320,480,260,260,260,2500,0.00,0.00,1
大森 元 貴 hsp,170,90,90,50,50,110,70,50,50,50,70,90,90,40,50,70,170,260,170,140,170,260,170,170,170,89,0.00,0.00,0
少し 言 われ ただけで泣く hsp,170,390,480,260,320,260,260,320,320,320,320,320,320,260,320,260,210,170,90,140,140,110,70,90,70,-82,1.58,160.96,7
感覚過敏 hsp,170,260,260,260,210,260,260,260,260,260,260,210,260,170,260,210,140,110,140,140,140,170,170,170,110,-58,0.00,0.00,1
環境 の変化に 弱い hsp,170,320,320,320,260,320,320,480,720,260,210,210,210,210,170,140,140,140,140,210,320,170,140,110,110,-66,2.97,51.90,3
買い物 疲れる hsp,170,210,210,210,260,260,210,260,210,260,170,210,210,320,260,210,170,140,170,170,170,170,140,110,140,-33,0.00,0.00,0
hsp 94188,140,110,140,140,110,210,110,170,110,110,140,110,90,110,110,70,140,170,140,110,170,140,140,170,140,27,0.00,0.00,100
hsp すぐ泣く,140,260,260,210,210,210,210,210,210,210,210,210,210,170,170,170,210,170,140,140,110,90,110,90,90,-65,0.00,0.00,1
hsp なんj,140,260,260,260,260,320,260,210,260,210,210,210,210,170,170,210,210,140,140,140,110,140,110,110,110,-58,0.00,0.00,0
hsp の人,140,90,110,110,110,90,140,110,110,140,110,110,140,140,110,90,140,140,110,110,140,260,170,90,110,22,0.00,0.00,2
hsp サバゲー,140,260,170,70,30,50,20,50,170,210,260,170,260,170,140,70,70,40,30,50,140,260,210,170,260,0,0.00,0.00,0
hsp スピリチュアル,140,170,170,140,170,210,210,170,170,170,170,110,210,170,140,140,110,110,140,140,110,140,140,110,90,-47,0.00,0.00,0
hsp メリット,140,210,260,170,210,260,170,210,170,170,140,170,170,140,110,170,170,170,140,170,140,140,110,170,110,-48,0.00,0.00,0
hsp 一人 で いたい,140,260,210,210,260,260,170,170,210,170,140,110,170,140,170,210,170,110,90,110,140,140,90,90,140,-46,0.00,0.00,1
hsp 人に興味がない,140,170,140,170,170,210,140,110,90,110,110,90,110,140,140,170,110,110,90,170,140,90,110,90,110,-35,0.00,0.00,0
hsp 働き方,140,210,210,170,260,260,260,210,170,210,140,140,110,140,140,110,110,140,170,210,170,140,110,70,70,-67,97.25,319.26,18
hsp 別れが辛い,140,140,110,110,170,170,170,320,140,170,210,140,140,210,140,140,140,170,170,320,140,110,90,90,110,-21,0.00,0.00,0
hsp 向いてない仕事,140,210,210,170,210,210,170,210,210,140,170,170,260,170,140,110,140,140,140,170,110,170,140,140,70,-67,0.00,0.00,3
hsp 嫌われやすい,140,260,260,170,210,260,210,170,140,170,170,140,170,140,170,170,140,170,170,110,110,110,110,90,70,-73,0.00,0.00,1
hsp 恋愛 向いてない,140,260,260,260,320,210,140,170,140,170,210,210,260,170,140,140,170,170,140,170,90,110,70,70,70,-73,0.00,0.00,0
hsp 恋愛 疲れる,140,390,480,390,320,260,320,260,170,210,210,170,170,170,210,170,260,140,110,140,110,90,110,140,170,-56,0.00,0.00,0
hsp 求人,140,170,210,170,170,320,210,210,210,210,210,140,170,210,170,140,110,170,140,170,140,110,110,90,70,-59,141.44,741.14,57
hsp 泣く,140,260,260,260,260,260,260,390,320,320,260,260,210,170,210,170,140,140,140,110,110,90,90,110,90,-65,0.00,0.00,0
hsp 漫画,140,390,320,260,260,260,210,210,210,210,170,260,170,170,140,210,140,140,110,140,140,90,110,70,110,-72,29.86,152.41,13
hsp 生き方,140,320,260,260,260,260,260,260,210,210,170,210,260,210,210,170,170,210,110,140,110,110,140,90,140,-56,3.94,331.27,18
hsp 男 しんどい,140,170,140,90,90,90,70,90,90,140,110,70,70,90,70,170,110,140,140,140,170,170,170,90,70,-59,0.00,0.00,0
hsp 男 恋愛下手,140,140,110,90,90,110,50,110,90,140,90,90,140,140,140,210,170,170,110,110,70,90,70,90,110,-21,0.00,0.00,0
hsp 疲れる,140,210,170,140,170,210,170,210,170,170,140,110,170,170,140,140,140,140,110,140,140,110,140,110,90,-57,0.00,0.00,1
hsp 結婚できない,140,210,210,210,140,90,90,110,170,40,90,210,260,170,110,140,140,170,170,170,140,140,110,70,140,-33,0.00,0.00,0
hsp 面接 泣く,140,210,260,170,140,210,210,140,170,140,170,170,140,170,170,210,140,170,170,110,110,140,70,50,50,-76,0.00,0.00,0
カフェ イン 弱い人 hsp,140,0,50,70,90,90,170,170,260,210,210,170,210,170,210,110,140,170,140,170,140,140,90,70,90,80,0.00,0.00,0
スポーツ 観戦 苦手 hsp,140,30,70,40,20,20,20,90,50,50,50,70,70,90,90,90,70,70,140,170,70,140,480,170,140,367,0.00,0.00,0
予定があると落ち着かない hsp,140,390,390,320,390,390,390,480,480,170,140,90,70,90,50,140,70,70,90,170,260,260,170,210,170,-56,0.00,0.00,1
内向 型 hsp,140,210,390,260,210,170,210,170,170,210,140,210,170,210,170,170,110,140,140,140,110,140,110,90,90,-57,0.00,0.00,5
怒られたことが頭から離れない hsp,140,140,110,70,90,90,90,90,90,140,140,110,90,110,110,110,110,140,170,140,110,110,140,110,70,-50,0.00,0.00,1
怒られると泣いて しまう hsp,140,140,170,110,140,90,90,140,110,170,170,140,140,170,140,110,90,140,110,110,140,140,140,140,140,0,5.66,100.74,8
暗い部屋 が好き hsp,140,140,140,140,110,110,140,110,140,140,110,140,170,170,210,170,110,140,110,110,140,110,90,110,170,21,0.00,0.00,0
気持ちの切り替えが できない hsp,140,260,320,390,210,260,210,260,210,260,210,210,210,260,210,210,170,140,140,110,140,140,110,110,90,-65,0.00,0.00,2
神経質 hsp,140,260,320,260,210,320,260,210,260,260,170,170,260,210,140,170,140,170,140,170,110,110,90,110,140,-46,4.72,143.31,4
考えすぎて返信できない hsp,140,210,210,170,260,260,260,260,210,260,260,170,260,260,170,210,170,140,140,140,140,90,70,20,20,-90,0.00,0.00,0
誰 とも 関わりたくない hsp,140,140,140,70,70,140,90,110,90,170,110,110,110,140,170,170,170,170,140,110,110,170,140,110,90,-36,0.00,0.00,4
集団行動 苦手 hsp,140,260,320,210,170,210,170,170,170,170,140,140,140,140,170,140,140,140,140,110,140,140,90,110,90,-65,12.70,176.53,4
adhd と hsp,110,110,210,110,110,140,170,210,170,140,110,140,140,110,110,110,110,110,110,110,110,110,90,90,70,-36,0.00,0.00,0
holy trinity sauce hsp,110,90,70,110,140,140,140,170,170,140,170,210,210,170,170,170,110,90,70,90,90,90,90,70,90,0,0.00,0.00,0
hospital hsp,110,70,70,90,70,90,90,110,90,50,1300,210,260,140,90,90,140,170,140,110,110,90,70,70,90,29,0.00,0.00,1
hsp 2 wörter und sätze,110,140,90,110,70,170,140,170,90,210,260,70,40,140,70,110,70,110,140,90,110,170,170,70,30,-79,0.00,0.00,0
hsp 2025,110,140,170,260,260,390,480,880,260,140,170,170,210,170,590,140,140,90,90,70,50,40,40,30,20,-86,0.00,0.00,0
hsp 4-ew,110,140,140,140,110,140,140,170,140,110,110,140,140,170,170,140,110,110,110,110,110,110,110,110,70,-50,56.94,290.95,100
hsp よく寝る,110,390,390,320,210,260,320,390,260,210,210,140,170,140,90,110,110,140,140,140,90,110,90,210,110,-72,0.00,0.00,0
hsp オーストラリア,110,140,140,90,110,170,170,210,90,170,110,110,140,110,90,110,140,90,90,110,90,110,110,110,140,0,0.00,0.00,0
hsp サプリ,110,260,210,210,90,110,110,140,110,90,110,90,140,110,140,140,110,110,90,110,90,110,90,70,70,-73,0.00,0.00,38
hsp ストレス,110,210,210,260,170,260,210,170,170,170,170,140,170,170,140,170,90,140,110,90,70,50,70,70,70,-67,0.00,0.00,1
hsp 中学生,110,210,210,140,110,170,110,90,110,110,110,140,210,170,170,140,110,140,110,110,90,90,70,90,70,-67,2.91,126.65,6
hsp 人間関係,110,260,260,170,170,210,110,170,170,170,170,170,170,140,210,140,110,110,110,140,110,90,90,70,70,-73,38.97,139.24,10
hsp 医療,110,110,110,90,90,110,110,90,110,90,140,110,140,110,140,110,110,110,70,90,90,90,90,110,110,0,0.00,0.00,2
hsp 営業,110,170,210,170,170,170,210,170,210,210,210,170,170,170,90,140,140,90,110,140,110,140,70,70,50,-71,0.00,0.00,1
hsp 天才,110,170,210,140,170,140,110,90,140,170,140,110,140,140,110,140,140,140,110,70,90,90,70,70,70,-59,0.00,0.00,0
hsp 強み,110,170,170,140,140,140,140,110,140,170,140,90,140,140,110,140,140,170,170,170,170,110,50,50,50,-71,0.00,0.00,2
hsp 強化イグニッションコイル,110,90,90,50,110,70,90,110,70,90,110,90,90,110,210,90,90,110,110,110,110,140,110,70,70,-22,0.00,0.00,2
hsp 恋愛 冷めやすい,110,170,170,140,110,170,110,110,90,140,90,70,140,110,140,90,110,170,110,110,90,110,70,90,70,-59,0.00,0.00,0
hsp 日本語,110,140,140,90,90,110,110,110,90,110,110,90,140,110,90,110,110,110,110,140,90,110,90,110,110,-21,0.00,0.00,1
hsp 映画 疲れる,110,210,140,170,170,170,140,140,110,110,110,170,260,210,140,110,110,90,70,110,70,90,70,90,70,-67,0.00,0.00,0
hsp 気にしすぎ,110,170,170,140,140,140,140,140,140,170,140,170,140,140,170,140,110,110,140,90,70,70,70,40,50,-71,0.00,0.00,9
hsp 特性,110,110,140,90,90,140,90,110,110,90,260,170,210,140,140,110,140,110,110,110,110,140,140,110,90,-18,3.78,82.78,4
hsp 生まれつき,110,140,170,140,110,140,140,140,140,260,140,140,170,140,110,110,90,110,90,90,90,110,140,90,90,-36,0.00,0.00,0
hsp 相性の悪い人,110,50,90,50,50,70,110,90,70,90,70,90,110,110,110,90,110,140,140,110,90,110,90,70,50,0,0.00,0.00,0
hsp 睡眠時間,110,320,260,260,210,260,210,210,210,260,210,140,170,140,140,110,140,170,140,140,90,110,90,210,70,-78,0.00,0.00,0
hsp 耳栓,110,140,170,140,110,140,140,140,140,140,140,140,140,170,110,110,110,110,110,110,140,110,110,90,90,-36,4.95,62.65,83
hsp 聴覚過敏,110,170,170,140,110,170,140,110,140,140,110,110,140,140,140,140,140,140,110,110,90,90,110,70,70,-59,0.00,0.00,2
hsp 苦手なこと,110,260,320,260,260,260,210,210,210,210,170,140,170,170,170,170,140,110,140,110,110,90,70,110,50,-81,0.00,0.00,1
hsp 長所,110,260,260,170,210,320,210,210,210,170,170,140,170,140,140,110,110,110,110,110,110,70,90,70,70,-73,0.00,0.00,0
hsp 離婚率,110,170,140,110,140,110,140,110,140,140,70,90,140,140,110,140,140,140,110,110,110,110,90,70,70,-59,0.00,0.00,0
サプライズ 苦手 hsp,110,140,170,140,170,140,140,140,90,110,110,110,110,170,140,140,170,90,110,110,90,90,70,70,90,-36,0.00,0.00,1
ストレス hsp,110,210,210,260,170,260,210,170,170,170,170,140,170,170,140,170,90,140,110,90,70,50,70,70,70,-67,0.00,0.00,1
タートルネック 苦しい hsp,110,40,90,320,320,260,140,90,30,20,10,20,50,50,140,260,390,210,90,70,20,20,10,20,10,-75,0.00,0.00,0
人と一緒に寝れない hsp,110,140,170,90,90,210,140,110,110,140,90,140,110,110,110,170,170,140,170,140,70,50,70,90,110,-21,0.00,0.00,0
人の幸せを喜べない hsp,110,210,210,170,110,140,90,110,90,90,70,70,110,140,110,140,170,140,110,110,90,110,90,40,40,-81,0.00,0.00,0
休む罪悪感 hsp,110,170,170,170,140,140,90,110,90,110,110,110,110,110,140,170,140,140,140,140,110,110,90,90,70,-59,0.00,0.00,1
映画 館 苦手 hsp,110,110,90,50,70,90,90,110,110,90,70,210,210,210,140,110,110,70,110,110,140,110,90,140,140,27,0.00,0.00,0
本音を言う と涙が出る hsp,110,210,210,210,170,210,140,90,170,170,140,90,90,50,90,90,90,110,90,90,90,140,140,140,170,-19,1.78,91.10,8
気 にし すぎ 症候群 hsp,110,20,70,90,50,70,90,110,140,210,170,170,210,210,140,110,110,110,90,90,70,90,70,70,70,250,0.00,0.00,3
繊細 な 人 hsp,110,70,70,50,70,90,90,70,90,140,140,110,140,90,110,90,110,110,140,170,170,110,50,70,40,-43,0.00,0.00,8
音楽を聴いて泣く hsp,110,260,260,260,170,210,170,140,140,140,110,110,110,110,110,140,110,110,90,110,70,110,90,90,90,-65,0.00,0.00,0
頭の中がうるさい hsp,110,0,0,0,0,0,0,0,0,0,0,0,0,0,30,90,140,170,210,210,140,140,170,140,20,-33,0.00,0.00,0
760 hp,90,110,110,140,140,110,110,110,110,110,140,110,110,110,110,110,110,70,90,90,90,70,90,70,110,0,0.00,0.00,13
94108 hsp,90,90,140,90,90,140,110,110,90,110,90,90,90,90,90,90,70,110,110,90,50,110,70,70,110,22,0.00,0.00,67
hsp 29 rue ordener,90,50,70,70,90,90,210,170,70,20,70,70,50,40,70,50,50,30,20,70,50,90,110,260,170,240,0.00,0.00,1
hsp 94118,90,50,90,70,70,110,90,110,110,50,90,90,90,90,90,50,110,70,110,170,140,90,50,90,90,80,0.00,0.00,100
hsp 94170,90,90,70,90,70,90,70,90,50,50,70,70,90,50,90,110,90,110,90,90,70,90,90,90,70,-22,0.00,0.00,80
hsp おすすめ 本,90,140,140,140,90,210,110,140,140,140,110,90,140,110,90,90,70,90,70,90,70,110,50,110,90,-36,13.08,299.74,99
hsp サングラス,90,170,170,140,90,140,90,110,110,140,110,110,110,90,110,90,70,110,70,90,90,140,90,70,70,-59,0.00,0.00,6
hsp 付き合い方,90,210,210,170,170,170,140,210,170,140,140,140,210,140,110,110,110,90,90,90,110,90,90,70,70,-67,0.00,0.00,7
hsp 働けない,90,140,170,110,110,140,110,140,110,90,140,140,170,140,90,90,50,110,70,90,90,70,70,110,70,-50,141.46,349.57,3
hsp 克服,90,170,210,140,110,170,140,170,90,90,90,70,170,140,110,70,70,90,70,90,70,70,50,70,70,-59,5.94,473.16,21
hsp 割合 日本人,90,90,50,40,50,40,50,40,50,50,40,70,110,110,70,50,40,70,90,90,90,90,90,70,90,0,0.00,0.00,0
hsp 引きこもり,90,110,140,110,110,110,140,110,110,90,90,110,110,90,90,70,90,90,110,110,90,110,70,90,70,-36,0.00,0.00,1
hsp 楽に なる方法 知恵袋,90,30,30,10,10,30,40,50,50,30,40,40,70,50,50,50,70,90,90,90,110,140,110,90,90,200,0.00,0.00,7
hsp 涙もろい,90,90,140,140,170,110,90,90,90,140,110,90,140,140,140,110,140,110,110,90,90,70,90,90,50,-44,0.00,0.00,1
hsp 理解されない,90,170,170,110,140,170,110,140,140,140,140,110,110,140,90,90,110,90,110,90,90,110,110,70,50,-71,0.00,0.00,0
hsp 直感 当たる,90,140,140,70,90,70,90,110,110,110,70,90,140,110,110,90,90,70,90,140,70,40,70,70,70,-50,0.00,0.00,0
hsp 相談,90,210,260,170,140,170,140,140,170,140,140,170,170,140,110,110,110,110,90,70,90,70,50,50,50,-76,71.97,204.33,43
hsp 結婚 向いてない,90,50,70,90,70,90,90,50,50,70,50,30,50,70,40,40,70,110,110,90,70,90,110,90,90,80,0.00,0.00,0
hsp 繊細,90,140,140,70,90,90,170,210,210,110,90,90,170,110,70,70,70,90,70,70,70,90,70,90,90,-36,0.00,0.00,3
hsp 苦手な人,90,170,170,140,170,140,110,140,170,140,170,90,140,140,90,90,90,70,90,70,90,70,70,70,40,-76,0.00,0.00,0
hsp 言い返せない,90,110,140,90,50,70,70,70,70,50,50,70,70,90,90,90,90,70,90,70,70,70,70,110,90,-18,0.00,0.00,0
hsp 論文,90,170,260,210,210,170,70,90,170,170,170,110,90,110,110,110,110,90,50,40,110,90,90,70,20,-88,0.00,0.00,0
hsp男性 モテ る,90,30,50,70,50,50,30,50,40,50,110,90,70,70,90,110,110,90,90,50,90,110,90,70,110,267,0.00,0.00,0
jn-ips271uhd-c65w-hsp,90,0,0,0,0,320,140,170,110,90,70,90,90,110,90,110,90,90,70,50,140,70,70,90,110,-66,16.25,94.00,78
jn-ips292wfhd-hsp-c65w,90,0,0,0,0,170,70,70,110,70,70,70,70,90,70,90,90,90,70,90,70,50,90,50,110,-35,0.00,0.00,81
お腹が空くと イライラする hsp,90,210,170,170,210,170,170,170,140,140,90,90,110,140,110,110,110,140,110,110,70,90,10,20,20,-90,0.00,0.00,0
エンパス hsp,90,90,70,110,140,70,50,70,70,70,50,70,90,70,90,110,50,90,110,90,70,110,70,50,50,-44,0.00,0.00,0
メールに時間がかかる hsp,90,170,140,140,110,140,110,140,90,90,90,110,70,110,110,110,110,110,110,90,90,110,90,50,70,-59,0.00,0.00,0
休み 方 が わからない hsp,90,110,140,90,90,90,70,110,90,90,70,90,110,90,110,110,90,110,90,110,90,70,70,90,50,-55,0.00,0.00,0
急かされるのが嫌い hsp,90,110,90,90,70,70,70,90,110,70,90,90,70,70,90,90,90,70,90,90,70,90,90,70,50,-55,0.00,0.00,4
接客業向いてない hsp,90,140,170,140,110,110,90,110,70,90,70,70,90,70,70,90,70,90,110,110,90,140,70,90,90,-36,0.00,0.00,2
映画 苦手 hsp,90,140,140,110,110,110,110,110,90,110,110,110,170,140,110,70,90,90,70,90,110,110,70,90,70,-50,0.00,0.00,0
音楽 鳥肌 hsp,90,260,210,170,140,140,170,140,140,110,110,140,140,140,140,110,90,70,70,90,90,70,90,70,50,-81,0.00,0.00,0
hsp 100,70,70,70,90,70,90,50,90,110,70,90,70,70,110,90,70,50,70,70,50,70,70,50,50,50,-29,0.00,0.00,3
hsp 4 つの 才能 診断,70,40,30,40,40,50,50,50,40,70,40,90,320,90,70,70,30,90,110,90,90,110,110,70,50,25,0.00,0.00,4
hsp 4種類,70,140,110,210,170,140,110,110,90,70,50,40,90,70,90,90,90,110,70,70,70,70,70,40,50,-64,0.00,0.00,1
hsp 94186,70,90,70,90,40,70,50,70,40,70,70,90,50,50,70,70,70,50,70,70,70,40,70,50,70,-22,0.00,0.00,64
hsp なんの略,70,90,70,90,70,70,50,70,70,90,70,70,90,70,70,70,70,70,70,70,50,70,90,70,90,0,0.00,0.00,0
hsp ゆるく働きたい,70,260,210,170,140,210,170,260,170,210,140,110,90,90,90,90,110,70,50,110,50,40,50,30,20,-92,0.00,0.00,5
hsp イライラしやすい,70,320,260,140,210,210,260,170,140,70,90,90,210,140,70,50,70,90,140,70,50,70,30,50,70,-78,0.00,0.00,2
hsp セルフチェック 無料,70,320,320,110,170,110,170,210,260,260,210,140,1600,90,140,210,40,40,70,40,40,50,70,50,90,-72,3.20,95.96,18
hsp ヒートショックプロテイン,70,40,40,50,70,40,30,30,40,40,50,50,30,140,50,50,50,110,40,70,90,110,90,90,50,25,0.00,0.00,0
hsp モラハラ夫,70,110,110,90,70,90,70,70,70,70,70,50,110,90,90,50,90,90,70,50,70,70,40,30,30,-73,0.00,0.00,3
hsp ライブ 苦手,70,70,70,90,70,70,50,70,70,90,90,70,90,70,90,70,110,90,70,90,90,90,70,50,40,-43,0.00,0.00,0
hsp ロングスリーパー,70,140,110,110,110,210,140,170,110,90,90,90,70,90,70,70,70,50,70,70,70,50,40,50,40,-71,0.00,0.00,0
hsp 不安が強い,70,140,140,50,70,90,70,50,70,70,110,110,50,50,50,50,70,90,70,50,50,70,30,70,70,-50,0.00,0.00,6
hsp 人混み,70,140,140,110,140,110,170,110,110,110,90,90,110,90,90,90,110,90,70,90,50,50,40,70,50,-64,0.00,0.00,0
hsp 保育士,70,140,170,90,90,110,140,140,110,140,140,90,140,110,90,70,90,110,70,90,70,50,50,50,50,-64,0.00,0.00,0
hsp 優しい,70,140,170,110,110,140,140,140,110,170,110,140,170,110,110,110,90,90,70,70,70,70,50,50,50,-64,0.00,0.00,1
hsp 向き合い方,70,140,140,90,90,170,90,110,110,90,110,90,110,90,90,90,70,70,70,50,70,50,70,40,70,-50,6.10,122.07,48
hsp 嘘,70,140,170,110,110,140,110,140,110,110,110,90,140,90,90,90,70,70,70,70,50,50,30,40,40,-71,0.00,0.00,0
hsp 恋愛 できない 女,70,90,90,90,70,110,90,110,90,90,110,70,90,90,70,70,90,70,50,50,50,90,70,50,50,-44,0.00,0.00,0
hsp 恋愛できない,70,70,70,70,170,140,110,210,170,260,170,140,110,70,70,70,70,70,90,70,90,50,50,20,30,-57,0.00,0.00,0
hsp 愛着障害,70,70,50,50,50,70,50,50,70,70,70,70,90,70,50,50,70,50,70,70,110,70,30,50,30,-57,0.00,0.00,0
hsp 慣れるまでに時間がかかる,70,170,210,140,110,110,90,140,210,170,140,90,50,70,90,70,50,90,70,90,110,70,70,40,30,-82,0.00,0.00,0
hsp 扁桃体,70,170,140,110,110,140,90,140,90,110,90,110,90,140,70,70,70,70,70,50,70,90,70,50,50,-71,0.00,0.00,0
hsp 才能,70,170,140,140,110,110,70,110,140,90,110,70,70,90,110,90,110,70,70,70,50,50,50,50,70,-59,0.00,0.00,1
hsp 接客業,70,90,170,90,90,140,110,170,170,110,140,110,70,50,90,70,70,70,70,70,40,40,50,50,50,-44,0.00,0.00,4
hsp 映画,70,110,140,90,90,140,110,110,110,110,90,110,140,110,90,70,70,50,70,50,50,70,50,40,40,-64,0.00,0.00,0
hsp 本 ベストセラー,70,140,90,70,70,110,90,90,90,90,70,50,70,70,70,70,90,90,50,70,70,70,50,50,70,-50,3.70,89.30,84
hsp 本音 涙が出る,70,170,170,110,70,90,90,110,90,110,110,50,70,50,50,70,70,70,70,50,70,90,90,50,50,-71,0.00,0.00,1
hsp 根拠 ない,70,260,260,170,210,260,170,170,110,140,140,140,170,90,90,90,70,70,70,70,40,40,50,50,40,-85,0.00,0.00,0
hsp 正式名称,70,90,90,90,90,70,70,40,70,70,50,70,70,50,70,70,70,90,70,50,40,50,50,70,70,-22,0.00,0.00,0
hsp 無料診断,70,50,70,30,40,50,50,50,50,50,50,40,210,90,70,40,50,70,70,90,70,70,70,70,70,40,6.16,130.88,20
hsp 略,70,90,90,70,90,90,70,70,110,110,70,50,90,70,50,70,50,70,50,50,70,50,70,70,50,-44,0.00,0.00,0
hsp 相性の良い人,70,260,140,110,110,140,110,140,90,140,90,70,90,110,140,110,70,90,90,50,50,50,50,30,40,-85,0.00,0.00,0
hsp 眠い,70,170,170,170,140,140,110,140,110,110,110,70,70,70,70,90,70,90,90,70,50,40,50,70,50,-71,0.00,0.00,1
hsp 睡眠,70,140,170,140,110,170,110,110,110,110,70,50,90,70,110,90,50,90,70,90,50,90,70,90,40,-71,0.00,0.00,1
hsp 約束 苦手,70,260,260,210,170,210,210,170,170,210,90,70,70,110,90,70,70,110,50,40,50,40,30,30,50,-81,0.00,0.00,1
hsp 脳,70,140,140,110,90,110,70,110,90,70,90,70,70,90,110,70,50,70,70,90,70,70,70,40,40,-71,0.00,0.00,2
hsp 脳疲労,70,140,170,110,90,90,90,110,110,170,110,90,70,70,90,70,50,70,70,50,50,70,70,70,70,-50,0.00,0.00,5
hsp 良いところ,70,140,140,140,110,90,140,140,110,90,70,90,110,70,90,90,110,70,50,70,70,50,50,50,50,-64,0.00,0.00,0
hsp 被害妄想,70,110,140,90,110,140,90,90,90,90,90,90,110,70,70,70,70,70,70,70,70,50,50,50,50,-55,0.00,0.00,0
hsp 集まり,70,110,110,90,70,110,70,110,140,110,90,70,90,110,90,50,50,70,70,90,70,90,70,50,40,-64,0.00,0.00,1
hsp 雷 好き,70,110,20,20,10,30,10,40,40,20,40,110,110,210,30,40,20,10,10,20,20,50,70,110,170,55,0.00,0.00,0
hsp 音,70,140,140,110,140,140,90,70,90,140,140,140,90,90,90,70,70,70,90,90,70,50,50,40,70,-50,0.00,0.00,0
hsp 音楽,70,140,170,110,140,110,110,90,90,140,90,50,90,90,90,90,50,70,50,50,40,50,50,50,40,-71,0.00,0.00,0
hsp 飲み会,70,90,70,110,140,90,90,90,90,90,50,70,70,90,70,110,140,40,30,70,50,40,40,30,40,-56,0.00,0.00,0
hsp 魂レベル,70,110,110,90,70,140,90,110,70,110,110,70,90,90,70,50,70,50,70,90,50,50,50,70,70,-36,0.00,0.00,0
ちいかわ hsp,70,40,10,20,10,30,30,20,10,20,10,20,20,20,10,20,10,20,10,20,20,20,10,40,480,1100,0.00,0.00,0
ストレス感じやすい hsp,70,140,110,110,70,70,90,90,90,110,50,70,90,90,90,90,90,90,90,30,90,90,50,70,50,-64,0.00,0.00,5
ツインレイに出会う人 hsp,70,50,30,50,50,50,70,90,70,70,70,70,90,90,110,110,90,90,30,70,50,30,30,40,40,-20,0.00,0.00,0
メール 苦手 hsp,70,90,70,50,50,50,30,50,50,40,40,50,50,40,70,70,70,70,50,70,70,50,70,70,50,-44,0.00,0.00,1
同じ曲を何度も聞く hsp,70,110,110,90,70,90,90,110,170,170,110,110,110,90,110,110,90,90,70,50,110,110,30,30,30,-73,0.00,0.00,0
怒ると涙が出る hsp,70,70,90,90,70,90,90,70,40,70,70,50,50,50,70,70,50,50,50,50,70,70,90,70,170,143,2.74,57.86,3
断るのが苦手 hsp,70,70,90,90,70,70,70,70,40,50,50,70,90,90,70,50,40,90,50,70,70,70,10,40,70,0,0.00,0.00,0
旅行 楽しめない hsp,70,110,90,50,40,40,50,90,50,70,70,70,110,110,90,90,50,50,90,90,50,50,70,50,90,-18,0.00,0.00,0
理解するのに時間がかかる hsp,70,0,0,0,0,0,0,0,40,90,40,70,70,70,110,90,90,70,70,110,90,70,70,70,40,0,0.00,0.00,1
田村 淳 hsp,70,110,110,140,110,110,140,140,110,170,170,170,170,110,110,70,50,90,70,50,90,50,70,70,70,-36,0.00,0.00,0
磯山 さやか hsp,70,0,0,0,0,0,0,0,0,0,0,10,4400,260,140,70,90,70,50,70,50,30,30,40,30,200,0.00,0.00,0
空気 を 読み すぎる hsp,70,110,110,90,90,90,70,50,70,50,30,30,30,30,90,70,50,50,40,90,90,90,50,50,50,-55,9.42,103.91,7
細かい ことが気になる hsp,70,110,110,90,90,90,90,90,110,110,70,90,110,70,110,110,70,50,70,50,70,70,50,50,70,-36,0.00,0.00,6
葬式 行き たく ない hsp,70,0,0,0,0,0,0,0,0,0,0,0,0,0,40,110,70,90,40,90,90,50,70,40,30,-25,0.00,0.00,0
適応 障害 hsp,70,140,170,140,110,110,110,110,140,90,140,90,90,110,110,90,70,90,110,70,70,70,50,50,30,-79,0.00,0.00,0
5th avenue hospital,50,70,50,70,70,70,50,70,70,70,70,90,70,50,70,50,50,50,70,40,70,70,70,50,70,0,0.00,0.00,3
enfp hsp,50,140,110,140,110,110,90,90,90,90,70,110,70,70,50,70,50,50,40,50,70,70,70,40,40,-71,0.00,0.00,0
hsp 02016,50,40,70,50,30,50,40,30,40,40,20,40,30,40,50,40,50,50,50,50,40,40,40,40,50,25,0.00,0.00,43
hsp 02030,50,40,50,40,30,30,20,30,30,10,20,30,30,30,30,70,50,70,50,40,50,50,50,70,90,125,0.00,0.00,77
hsp 1400 wurth,50,50,70,50,40,50,40,40,40,40,40,40,50,50,50,50,30,50,50,50,50,50,50,40,30,-40,185.36,857.45,85
hsp 60065,50,10,10,20,10,20,20,10,10,20,10,30,20,20,40,30,50,50,70,40,50,40,90,110,90,800,0.00,0.00,11
hsp 60s100 1,50,40,20,30,20,30,30,20,30,40,40,40,40,50,30,50,70,50,50,40,50,50,50,50,50,25,0.00,0.00,7
hsp やめたい,50,90,90,90,50,70,70,70,50,70,70,50,70,40,70,70,50,50,50,40,40,40,30,50,40,-56,0.00,0.00,2
hsp エンパス 違い,50,50,70,110,70,70,70,110,70,90,110,90,40,30,30,40,40,70,70,90,40,40,40,40,50,0,0.00,0.00,0
hsp クリニック,50,70,110,70,70,50,50,50,70,50,40,50,90,50,90,40,90,50,40,40,50,20,50,30,20,-71,108.18,276.75,46
hsp フリーランス,50,170,210,170,110,170,90,110,110,110,90,90,90,110,50,70,70,50,30,70,30,50,70,30,20,-88,13.63,490.59,10
hsp マルチタスク,50,140,110,170,170,110,70,140,90,110,90,90,70,50,90,70,40,50,40,70,40,40,40,30,30,-79,0.00,0.00,1
hsp ミニマリスト,50,140,140,110,90,110,70,70,70,70,50,70,70,50,50,30,30,50,50,40,70,90,30,50,70,-50,0.00,0.00,0
hsp メガネ,50,110,140,110,70,90,90,90,90,110,90,70,70,50,50,50,50,70,70,30,50,70,50,40,30,-73,0.00,0.00,0
hsp 一人暮らし,50,110,110,110,70,90,90,90,110,90,70,70,90,50,50,70,40,50,50,70,90,40,70,50,50,-55,0.00,0.00,0
hsp 人と関わりたくない,50,140,90,70,90,110,70,90,70,90,70,70,70,70,50,30,20,20,30,70,70,50,50,40,30,-79,0.00,0.00,1
hsp 休み方,50,70,70,30,40,50,50,70,40,70,70,50,50,50,40,50,40,70,50,40,50,50,30,40,30,-57,0.00,0.00,2
hsp 傷つきやすい,50,70,90,70,70,70,50,90,70,110,50,70,70,70,70,40,50,50,50,50,40,40,50,50,20,-71,0.00,0.00,0
hsp 優しすぎる,50,70,90,90,90,50,40,50,50,70,50,50,70,50,70,70,70,90,70,40,40,70,40,30,40,-43,0.00,0.00,1
hsp 向いてるバイト,50,90,90,70,70,90,90,90,90,70,70,70,90,70,90,70,50,50,40,70,40,30,30,20,20,-78,0.00,0.00,5
hsp 大人,50,50,90,50,50,70,70,70,50,90,50,70,50,40,70,50,50,40,50,40,40,50,40,70,30,-40,0.00,0.00,15
hsp 妻,50,110,90,90,70,90,50,70,70,70,70,50,90,110,40,40,30,40,50,70,50,40,20,40,40,-64,0.00,0.00,0
hsp 寝れない,50,110,90,70,50,110,70,70,70,70,70,90,90,70,90,50,70,70,50,50,30,40,40,40,40,-64,0.00,0.00,0
hsp 手帳,50,110,110,90,70,50,70,70,50,30,70,40,70,50,50,50,70,50,50,40,30,40,30,30,40,-64,0.00,0.00,0
hsp 提唱者,50,70,90,50,70,70,70,70,50,70,70,70,110,70,70,70,70,70,50,50,50,50,50,40,30,-57,0.00,0.00,0
hsp 旅行,50,70,70,90,50,90,90,50,70,90,70,70,140,110,50,70,50,40,50,40,40,40,30,30,40,-43,0.00,0.00,0
hsp 映画 見れない,50,50,50,50,50,70,50,70,50,50,50,70,110,70,70,70,70,50,50,40,40,50,40,50,40,-20,0.00,0.00,0
hsp 疲れた,50,110,140,50,90,110,50,70,50,70,50,40,50,50,70,70,50,50,50,50,30,30,30,40,40,-64,0.00,0.00,4
hsp 耳栓 おすすめ,50,90,90,90,110,70,50,50,70,70,40,70,40,50,40,70,50,40,50,50,50,30,20,50,20,-78,5.94,39.55,74
hsp 胡散臭い,50,70,70,50,50,50,50,40,40,50,50,90,70,40,20,40,50,40,40,40,70,50,70,50,40,-43,0.00,0.00,0
hsp 脳の仕組み,50,50,90,90,70,90,90,110,90,90,90,70,110,90,70,50,70,30,30,40,40,30,30,30,40,-20,0.00,0.00,0
hsp 記憶力,50,110,140,110,70,140,70,70,90,110,70,70,90,90,70,50,40,70,70,70,40,40,50,30,30,-73,0.00,0.00,0
hsp 読み方,50,50,40,70,50,40,50,50,70,70,50,90,90,40,40,30,50,50,50,90,50,70,70,70,90,80,0.00,0.00,1
hsp 逃げ癖,50,170,170,110,90,140,70,90,90,110,70,70,70,40,70,90,40,50,40,40,30,30,30,30,70,-59,0.00,0.00,1
hsp 運転,50,170,140,140,90,140,90,140,90,140,90,70,110,90,70,70,50,40,50,70,70,50,50,30,40,-76,0.00,0.00,0
hsp 遺伝する,50,50,40,40,50,50,50,50,70,70,20,30,110,50,30,30,50,70,90,70,40,50,70,70,70,40,0.00,0.00,0
hsp 霊感,50,90,140,110,50,90,90,140,90,110,90,50,90,70,40,50,40,70,70,50,50,70,40,40,40,-56,0.00,0.00,0
hsp 頭がいい,50,140,140,110,110,90,50,50,70,50,70,70,90,90,50,70,50,70,40,70,50,30,50,50,30,-79,0.00,0.00,4
hsp 食べ物,50,90,110,50,50,70,70,90,50,50,50,70,90,70,70,50,50,50,50,90,50,50,50,70,40,-56,0.00,0.00,0
what is hsp highly sensitive person,50,40,70,70,50,70,70,70,50,70,50,90,90,70,50,40,40,50,70,50,50,50,40,70,50,25,6.58,68.33,22
what is hsp personality,50,50,90,70,90,70,70,110,50,90,70,50,70,50,70,50,50,50,50,70,50,50,50,50,40,-20,2.13,245.46,14
メランコリー 親和 型 hsp,50,70,70,50,50,50,40,70,40,90,50,70,90,70,70,50,40,70,40,50,70,40,50,30,30,-57,0.00,0.00,0
寂しがり屋 の 一人 好き hsp,50,140,170,170,170,140,170,170,210,210,170,140,140,140,110,90,50,70,40,30,30,20,40,20,40,-71,0.00,0.00,0
悪口を言われている気がする hsp,50,10,10,10,10,10,10,10,10,10,10,10,10,10,30,140,170,140,10,10,20,10,10,10,10,0,0.00,0.00,0
泣きたくない のに泣いて しまう hsp,50,110,90,90,70,90,110,90,70,90,50,70,50,40,40,50,30,70,70,90,70,50,40,40,70,-36,1.52,24.08,9
生理 前 hsp,50,140,170,170,110,90,110,110,90,110,110,110,140,110,90,90,90,20,30,70,30,50,40,40,40,-71,0.00,0.00,0
組織で働く 向いてない hsp,50,170,110,110,70,70,90,90,90,90,90,70,70,70,70,70,50,50,40,40,50,50,40,50,70,-59,10.05,505.61,5
聴覚過敏 hsp,50,50,70,70,70,50,70,70,90,70,50,70,50,70,70,70,70,70,50,50,50,70,70,40,40,-20,0.00,0.00,0
蛍光 灯 苦手 hsp,50,0,0,0,40,20,30,50,40,50,40,30,40,50,70,50,50,40,40,40,50,50,50,50,30,-25,0.00,0.00,0
enfj hsp,40,110,140,90,70,90,70,90,90,90,70,90,90,70,50,50,30,20,30,50,40,40,50,20,40,-64,0.00,0.00,0
entp hsp,40,140,90,90,70,70,70,90,90,110,110,70,70,50,50,50,40,50,50,50,50,20,40,30,30,-79,0.00,0.00,0
honeywell hsp,40,30,50,10,20,40,50,30,30,50,50,50,50,70,50,50,40,40,30,20,30,20,20,20,10,-67,0.00,0.00,0
how to test for hsp,40,30,40,40,30,40,30,50,50,40,50,40,40,50,70,40,20,50,30,40,30,30,50,20,30,0,0.00,0.00,4
hsp 02033,40,70,90,110,140,70,90,70,70,70,50,50,20,40,20,20,30,40,50,40,30,40,50,50,40,-43,0.00,0.00,81
hsp work,40,110,90,70,70,70,50,70,50,50,40,40,40,50,40,40,40,30,30,50,50,50,40,30,20,-82,0.00,0.00,1
hsp みんなそう,40,50,40,40,50,40,50,70,70,70,40,70,110,70,40,50,30,30,30,40,40,40,40,30,20,-60,0.00,0.00,0
hsp わがまま,40,110,110,90,70,90,90,90,50,70,50,70,70,50,50,50,50,40,50,40,40,40,30,30,20,-82,0.00,0.00,1
hsp ケバブ,40,40,20,30,40,20,30,40,20,30,30,40,30,20,40,30,30,40,30,50,50,50,40,40,50,25,0.00,0.00,1
hsp ストレス発散方法,40,30,10,10,10,10,20,50,50,110,40,50,50,90,20,10,20,20,20,50,40,50,30,30,30,0,0.00,0.00,14
hsp ヘッドホン,40,70,50,70,40,40,30,40,40,40,40,20,50,40,40,40,40,30,50,40,30,50,20,20,50,-29,0.00,0.00,7
hsp ヘルプマーク,40,70,90,70,40,50,40,30,30,40,50,70,40,30,50,30,40,40,30,50,30,40,30,30,20,-71,0.00,0.00,0
hsp メンタル弱い,40,70,70,70,40,30,40,40,50,90,30,40,20,30,40,50,30,40,40,70,40,40,40,30,40,-43,0.00,0.00,2
hsp モテ る,40,110,140,70,70,110,50,70,70,50,70,70,40,30,30,30,50,50,40,50,40,50,30,30,30,-73,0.00,0.00,0
hsp モテる,40,110,140,70,70,110,50,70,70,50,70,70,40,30,30,30,50,50,40,50,40,50,30,30,30,-73,0.00,0.00,0
hsp 不安,40,70,40,50,50,50,30,50,50,70,50,40,70,70,50,40,50,50,30,50,40,40,30,30,30,-57,0.00,0.00,0
hsp 不眠,40,110,110,70,70,90,90,70,50,70,50,50,70,70,50,70,40,30,30,40,40,20,20,30,20,-82,0.00,0.00,1
hsp 副業,40,70,90,90,110,90,110,90,40,70,40,30,30,50,40,40,40,40,50,50,30,40,30,30,20,-71,0.00,0.00,0
hsp 匂い,40,110,110,70,70,90,90,50,50,20,40,50,140,50,50,40,50,50,50,50,50,30,30,30,20,-82,0.00,0.00,0
hsp 天職,40,70,70,50,40,50,50,50,40,50,40,40,50,40,50,70,30,40,30,50,20,30,40,30,20,-71,0.00,0.00,8
hsp 定義,40,90,90,70,50,50,70,30,50,50,70,70,40,40,40,50,40,30,30,40,40,30,40,20,20,-78,0.00,0.00,1
hsp 強化イグニッションコイル 評価,40,90,110,70,90,90,50,90,70,110,50,40,30,40,50,50,50,40,40,50,40,30,40,50,30,-67,0.00,0.00,0
hsp 札幌,40,90,70,30,40,40,40,40,50,70,50,70,50,50,40,50,40,40,40,30,20,30,30,10,20,-78,0.00,0.00,0
hsp 特徴 性格,40,10,20,10,10,20,20,30,30,20,20,10,10,30,10,20,10,40,20,50,30,90,70,90,70,600,0.00,0.00,1
hsp 眠れない,40,170,170,140,90,170,110,90,90,90,70,70,90,70,40,50,30,40,70,40,30,30,20,50,30,-82,0.00,0.00,1
hsp 瞑想,40,70,70,70,40,110,40,50,70,50,70,30,50,30,50,50,10,40,40,30,40,50,30,20,40,-43,0.00,0.00,0
hsp 結婚相手,40,40,40,50,50,70,30,50,40,50,30,40,30,50,40,40,50,40,30,70,50,70,30,20,20,-50,0.00,0.00,0
hsp 能力,40,50,40,40,40,20,30,30,30,30,40,20,30,50,50,30,30,40,40,30,30,50,40,20,30,-40,0.00,0.00,1
hsp 英語,40,70,70,90,90,90,90,70,50,70,70,40,90,40,50,50,50,50,50,40,40,30,30,30,30,-57,0.00,0.00,0
hsp 離婚,40,90,110,50,90,90,70,50,30,50,50,70,90,30,40,40,50,30,40,40,20,50,40,10,20,-78,0.00,0.00,0
hsp 面接,40,110,140,90,50,70,50,70,70,50,50,50,40,50,30,30,40,50,70,20,20,50,30,20,10,-91,0.00,0.00,0
hsp 鬱になりやすい,40,40,70,20,10,20,90,30,40,110,30,30,20,10,10,30,70,110,70,20,20,30,20,40,70,75,0.00,0.00,0
hsp-5400,40,50,50,50,30,30,30,50,30,40,50,50,40,70,50,40,40,20,40,40,20,20,30,30,10,-80,0.00,0.00,0
hss 型 hsp モテ る,40,20,30,10,10,10,40,20,30,30,40,90,50,40,70,70,40,50,50,30,40,30,30,20,30,50,0.00,0.00,0
すぐ 涙 が 出る hsp,40,210,110,90,40,50,40,50,30,30,30,50,40,40,20,30,30,30,30,40,50,30,50,40,50,-76,0.00,0.00,5
エイチ エスエス 型 hsp 診断,40,30,30,30,30,20,50,30,20,50,70,20,50,50,20,20,10,30,40,90,70,50,50,20,10,-67,0.00,0.00,14
カフェイン hsp,40,30,70,50,50,70,70,70,50,70,70,40,50,50,40,40,40,50,30,40,50,30,20,30,30,0,0.00,0.00,0
ロンブー 淳 hsp,40,50,40,90,50,70,50,50,50,70,70,50,50,40,50,30,30,40,50,40,40,40,50,50,40,-20,0.00,0.00,0
強化 イグニッション コイル hsp,40,30,30,30,40,40,30,50,30,40,30,40,30,40,70,50,50,50,30,40,50,40,40,40,30,0,0.00,0.00,1
提唱 者 hsp,40,70,110,50,50,70,90,70,50,70,50,70,70,70,50,50,50,40,50,50,40,50,30,30,30,-57,0.00,0.00,0
疲れて 何も できない hsp,40,210,170,170,140,170,110,90,110,90,90,90,50,50,70,70,50,50,20,40,30,20,20,20,10,-95,0.00,0.00,8
空腹 集中 できない hsp,40,50,70,70,50,70,70,70,70,50,50,50,70,50,70,70,40,50,40,40,40,40,30,40,40,-20,0.00,0.00,0
結婚 式 疲れる hsp,40,0,50,70,30,30,50,50,20,50,30,10,20,40,50,90,30,30,30,40,30,50,20,20,30,-40,0.00,0.00,0
2026 hsp payroll schedule,30,0,0,0,0,0,0,0,0,0,0,0,0,0,0,0,0,70,50,50,50,40,40,40,40,-43,0.00,0.00,0
6av2124 0qc02 0ax2 hsp,30,40,30,20,30,30,20,40,50,50,70,50,40,40,50,40,50,40,40,30,40,30,20,20,20,-50,0.00,0.00,4
6es7 155 6au02 0bn0 hsp,30,0,0,0,0,0,0,0,0,0,0,40,20,30,30,30,30,30,30,30,30,30,20,20,10,-75,0.00,0.00,1
hana_hsp_mind,30,0,0,0,0,0,0,0,0,0,0,0,0,0,0,0,0,0,0,0,0,390,0,10,10,-97,0.00,0.00,0
hsp 03015,30,20,30,20,20,40,30,40,40,20,20,30,30,30,30,40,20,40,50,30,30,50,30,30,30,50,0.00,0.00,100
hsp 20,30,70,50,50,30,50,30,50,40,40,30,30,30,40,50,50,30,30,30,30,40,30,20,20,30,-57,0.00,0.00,1
hsp 300,30,30,50,30,30,30,40,50,40,20,30,20,20,30,40,20,20,20,40,40,40,40,30,20,30,0,0.00,0.00,39
hsp 44pb,30,20,40,10,10,20,10,30,20,30,40,20,20,10,40,20,10,20,30,30,30,30,50,20,30,50,0.00,0.00,19
hsp 4タイプ,30,40,40,10,20,20,20,20,10,20,10,10,20,30,20,20,20,90,40,30,30,30,30,30,30,-25,0.00,0.00,1
hsp 50,30,70,70,70,40,50,70,40,40,30,30,20,30,40,40,30,40,20,40,40,30,30,30,20,30,-57,0.00,0.00,4
hsp もこもこ,30,50,50,40,10,30,70,70,70,50,40,30,20,30,70,110,20,10,10,10,20,10,10,20,10,-80,0.00,0.00,0
hsp アーティスト,30,50,40,40,40,30,40,50,40,30,40,40,30,30,30,30,50,40,30,30,20,20,20,40,30,-40,0.00,0.00,0
hsp タンパク質,30,30,50,40,50,40,30,30,40,30,70,50,30,40,50,40,40,50,20,20,20,30,20,40,20,-33,0.00,0.00,0
hsp ネガティブ,30,90,110,70,70,50,70,70,50,40,70,70,50,50,30,40,40,30,30,30,20,40,20,10,10,-89,0.00,0.00,0
hsp ノイズキャンセリング,30,90,90,90,70,50,90,50,70,70,50,50,20,20,10,50,40,40,30,30,30,40,20,30,10,-89,0.00,0.00,23
hsp マグネシウム,30,10,10,10,10,10,10,10,10,10,10,10,20,30,10,10,20,50,20,50,50,40,20,10,10,0,0.00,0.00,6
hsp マッチングアプリ,30,50,70,50,50,40,30,40,30,30,30,30,50,30,40,30,30,20,30,20,20,20,20,30,10,-80,0.00,0.00,1
hsp メンタル,30,40,40,30,40,50,50,40,20,30,30,30,40,30,30,20,30,40,20,40,20,20,30,30,20,-50,0.00,0.00,10
hsp 人間関係 疲れる,30,50,40,40,10,40,40,40,50,40,20,20,30,30,20,20,10,20,20,50,40,50,30,30,30,-40,0.00,0.00,5
hsp 似てるやつ,30,10,10,20,10,20,20,20,20,20,10,10,20,20,20,30,20,20,40,20,30,30,30,20,20,100,0.00,0.00,0
hsp 体力がない,30,20,20,10,10,10,20,10,10,20,10,10,10,10,20,10,10,30,20,30,30,40,30,50,50,150,0.00,0.00,0
hsp 依存 され る,30,90,90,50,50,70,70,70,50,70,50,50,50,40,40,30,40,50,50,20,30,40,20,10,10,-89,0.00,0.00,0
hsp 反対,30,70,70,50,50,50,40,50,50,40,50,40,90,40,50,30,30,40,30,30,30,20,30,20,10,-86,0.00,0.00,0
hsp 向いてる仕事 知恵袋,30,170,210,170,140,110,110,110,90,70,50,50,50,50,40,50,30,40,40,30,40,10,10,10,20,-88,0.00,0.00,0
hsp 味覚,30,50,30,40,50,30,50,40,40,40,40,50,50,30,40,30,20,30,30,20,20,20,30,20,20,-60,0.00,0.00,0
hsp 忘れっぽい,30,50,40,30,10,10,20,10,20,50,30,30,30,40,30,30,50,20,30,20,20,10,20,10,20,-60,0.00,0.00,0
hsp 教師,30,40,70,50,40,50,70,50,40,40,70,30,30,30,40,20,40,30,50,30,40,40,10,20,20,-50,0.00,0.00,0
hsp 日本人 割合,30,50,70,50,40,30,30,30,40,30,20,10,30,20,20,50,20,30,40,30,20,20,30,40,20,-60,0.00,0.00,0
hsp 有名人 海外,30,70,90,50,40,50,40,30,50,50,30,40,70,50,50,30,40,30,30,30,40,20,20,20,30,-57,0.00,0.00,0
hsp 服,30,210,50,70,30,30,50,40,40,40,30,30,40,50,30,30,30,20,30,40,20,20,10,20,20,-90,0.00,0.00,0
hsp 特徴 一覧,30,10,10,10,10,10,10,10,10,10,10,10,20,10,10,30,10,20,40,20,50,40,30,50,50,400,0.00,0.00,0
hsp 疲れやすい 対策,30,70,50,30,30,20,20,30,90,110,90,30,40,30,40,30,20,30,10,20,30,50,30,40,30,-57,0.00,0.00,12
hsp 経営者,30,90,110,90,70,70,50,70,70,90,50,50,50,50,30,40,40,30,40,40,40,10,30,20,20,-78,0.00,0.00,0
hsp 苦しい,30,90,110,40,50,50,40,40,40,50,40,40,50,50,40,40,40,30,40,20,30,40,10,30,40,-56,0.00,0.00,3
hsp 薬ある,30,0,0,0,0,0,0,0,0,0,0,0,0,0,0,0,0,0,0,0,0,40,50,90,140,250,0.00,0.00,1
hsp 薬剤師,30,70,110,40,40,20,30,40,40,20,30,40,50,20,30,20,20,50,30,30,50,20,30,20,30,-57,0.00,0.00,7
hsp 血液型,30,140,140,110,110,140,110,90,70,50,50,40,90,50,30,50,30,40,20,30,40,30,10,30,20,-86,0.00,0.00,0
hsp 辛い 知恵袋,30,50,70,50,30,50,50,70,70,30,40,30,40,40,50,40,50,30,50,30,20,30,30,20,30,-40,0.00,0.00,0
hsp 農業,30,50,50,40,20,30,40,40,30,40,50,50,30,30,30,20,20,20,30,30,40,20,30,30,20,-60,0.00,0.00,0
hsp 過ごし方,30,40,50,70,20,50,40,50,40,50,40,30,50,30,20,20,20,20,30,30,30,40,20,20,20,-50,0.00,0.00,15
note hsp,30,20,20,10,20,30,30,30,20,40,40,50,50,40,40,30,70,30,40,40,40,20,10,30,20,0,0.00,0.00,0
what is hsp australia,30,30,10,30,30,50,30,40,30,30,40,30,20,10,20,10,30,30,20,30,40,30,30,40,50,67,0.00,0.00,0
イグニッション コイル hsp,30,10,20,20,20,20,20,30,20,20,20,40,20,20,70,30,50,30,20,30,20,20,10,20,30,200,0.00,0.00,9
エレインアーロン hsp,30,20,30,30,10,20,10,20,20,40,30,20,30,40,50,40,50,30,40,30,20,10,20,20,20,0,0.00,0.00,13
ツインレイ hsp,30,40,50,50,90,70,50,50,70,70,50,40,20,50,50,70,30,40,20,30,20,20,30,10,20,-50,0.00,0.00,0
ツインレイ hsp 同士,30,30,30,40,30,50,50,50,40,30,50,40,50,30,40,50,40,40,30,20,50,40,30,20,20,-33,0.00,0.00,0
ツインレイ 女性 hsp,30,20,30,10,40,40,50,70,50,50,40,30,20,20,40,30,20,50,30,30,30,30,50,20,40,100,0.00,0.00,0
ミラーニューロン hsp,30,10,30,10,20,30,30,40,20,40,20,30,30,30,30,40,50,40,20,30,30,30,20,20,50,400,0.00,0.00,0
ヤーレンズ 楢原 hsp,30,70,30,10,140,110,70,50,30,40,30,30,10,20,10,10,140,70,40,30,20,10,20,10,30,-57,0.00,0.00,0
ロング スリーパー hsp,30,40,40,40,30,30,40,50,40,40,40,30,50,30,40,30,20,30,10,30,20,20,10,20,20,-50,0.00,0.00,0
三者面談 泣く hsp,30,10,10,10,10,10,10,10,10,10,10,20,10,10,20,30,40,10,10,10,30,20,30,110,20,100,0.00,0.00,0
内向的 hsp,30,40,50,30,30,20,20,30,30,40,20,20,50,30,30,40,30,20,30,40,20,20,20,10,10,-75,0.00,0.00,5
強く言われると泣いてしまう hsp,30,20,50,40,40,40,30,20,20,20,30,30,20,20,30,20,10,20,40,40,30,20,30,30,30,50,0.00,0.00,3
注意されると泣いてしまう hsp,30,70,70,50,90,70,110,110,90,70,70,110,50,50,40,30,20,40,30,40,40,20,20,20,10,-86,0.00,0.00,14
田村淳 hsp 違う,30,70,90,0,0,40,50,70,30,40,50,50,110,40,20,20,70,40,40,30,40,30,30,10,30,-57,0.00,0.00,0
.999 silver hsp,20,10,20,10,10,20,10,20,10,10,10,10,20,10,20,20,30,50,30,20,10,20,10,10,20,100,0.00,0.00,4
2021 norco aurum hsp,20,0,0,0,0,0,0,0,0,0,40,30,40,10,30,30,20,20,10,20,20,20,20,10,20,-50,0.00,0.00,0
6 prinsip hsp,20,0,0,0,0,0,0,0,0,20,10,30,10,30,20,20,10,10,10,10,20,20,20,20,20,0,0.00,0.00,0
6es7 136 6ba01 0ca0 hsp,20,10,10,10,10,20,10,10,10,10,10,10,10,10,10,10,10,10,10,30,30,50,30,20,20,100,0.00,0.00,4
hsp 02024 differential,20,20,20,10,30,20,30,20,20,20,10,30,20,10,20,20,30,20,50,40,20,30,20,20,20,0,0.00,0.00,90
hsp 100 金物,20,10,20,20,20,10,20,20,20,30,20,20,20,30,10,10,20,20,20,30,20,10,30,30,10,0,0.00,0.00,0
hsp 1番前の席,20,50,50,30,30,40,30,10,40,40,30,30,10,10,10,10,10,20,10,10,30,10,20,30,10,-80,0.00,0.00,0
hsp 200,20,20,30,20,20,30,20,10,10,20,10,20,10,30,30,20,10,20,20,20,20,20,30,20,10,-50,0.00,0.00,0
hsp 25,20,10,20,30,10,30,20,40,20,20,20,50,30,10,20,10,10,10,10,30,30,20,10,10,10,0,0.00,0.00,5
hsp 3.7,20,0,0,0,0,0,0,0,0,0,0,0,0,110,30,30,10,10,10,10,10,10,20,20,10,-91,0.00,0.00,0
hsp 3歳,20,30,30,30,20,30,10,30,20,20,30,10,30,20,30,30,10,20,20,10,20,10,10,20,20,-33,0.00,0.00,0
hsp 4タイプ 診断,20,10,10,10,10,10,10,10,10,20,20,10,20,10,20,10,10,20,30,10,20,10,20,20,10,0,0.00,0.00,0
hsp 50代,20,10,20,10,30,10,20,20,20,10,20,20,20,10,20,30,10,20,40,30,10,10,10,10,10,0,0.00,0.00,0
hsp 94107 manual,20,10,10,10,20,20,40,20,20,30,30,10,30,10,10,10,10,10,20,30,20,10,20,30,10,0,0.00,0.00,0
hsp 9601,20,20,30,20,20,20,30,20,30,20,30,30,20,40,20,20,20,20,20,20,20,20,20,20,20,0,538.25,"1,920.59",20
hsp number,20,30,30,40,20,30,20,20,30,40,50,40,30,30,10,20,10,10,20,20,30,20,20,30,30,0,0.00,0.00,0
hsp ちいかわ,20,0,0,0,0,0,0,0,0,0,0,0,0,0,0,0,0,0,0,0,0,0,0,0,260,0,0.00,0.00,1
hsp ぬいぐるみ,20,90,50,50,20,40,20,20,30,40,20,20,20,20,20,20,30,30,10,10,10,20,10,10,10,-89,0.00,0.00,0
hsp みたいなやつ,20,0,0,0,0,0,0,0,0,0,0,0,0,20,20,20,10,10,20,20,10,20,10,20,10,-50,0.00,0.00,0
hsp やる気が出ない,20,40,70,40,30,50,20,30,30,30,20,20,30,20,20,20,20,20,30,10,10,10,10,10,10,-75,0.00,0.00,0
hsp わかってもらえない,20,50,50,70,30,40,40,40,50,30,50,30,40,40,30,20,20,30,20,20,30,20,20,10,20,-60,0.00,0.00,5
hsp わかりやすく,20,30,10,20,30,20,20,40,20,10,30,10,20,20,20,10,20,20,20,10,20,10,10,20,10,-67,0.00,0.00,1
hsp エンパス 両方,20,10,10,20,10,30,20,30,40,70,30,40,20,20,10,30,30,30,30,20,20,30,20,30,10,0,0.00,0.00,0
hsp ストレスに弱い,20,20,10,30,20,10,40,20,50,40,10,20,10,30,40,10,10,20,20,10,30,40,10,20,20,0,0.00,0.00,1
hsp マイペース,20,70,50,40,20,20,20,30,40,50,50,50,30,30,20,20,10,20,20,20,20,10,10,20,10,-86,0.00,0.00,0
hsp ミソフォニア,20,20,30,20,20,20,20,30,20,20,20,20,20,20,30,10,20,20,20,20,20,10,10,20,10,-50,0.00,0.00,0
hsp ライブ,20,40,30,40,30,20,30,30,20,30,20,30,40,30,30,30,20,20,10,20,20,20,20,40,30,-25,0.00,0.00,0
hsp ライン 苦手,20,40,70,20,40,50,50,70,30,30,50,50,50,30,20,10,20,10,10,20,20,10,10,10,20,-50,0.00,0.00,0
hsp リーダー,20,90,90,70,40,40,50,50,30,40,30,20,30,30,30,30,20,10,20,10,10,20,20,10,20,-78,0.00,0.00,0
hsp 乗り物酔い,20,20,30,30,20,20,30,40,20,20,10,10,30,20,10,20,10,10,10,20,20,10,10,10,10,-50,0.00,0.00,0
hsp 他の種類,20,20,20,20,30,40,30,30,30,10,30,30,70,30,20,20,20,20,20,20,20,20,20,30,20,0,0.00,0.00,0
hsp 例,20,20,10,10,10,20,10,30,20,20,40,20,40,20,20,10,20,20,20,20,10,10,30,10,20,0,0.00,0.00,0
hsp 偏食,20,30,30,30,20,20,30,20,30,40,30,30,30,30,20,30,40,20,10,10,20,10,10,10,20,-33,0.00,0.00,0
hsp 化粧品,20,40,20,10,20,10,20,10,20,10,10,20,20,20,20,10,30,30,20,30,20,30,20,30,40,0,0.00,0.00,83
hsp 北海道,20,50,50,30,20,20,20,20,10,50,20,20,20,20,20,10,10,20,10,10,30,30,20,20,20,-60,0.00,0.00,0
hsp 反芻思考,20,10,20,20,10,20,10,20,20,30,30,20,20,20,20,20,20,40,20,30,20,30,20,10,10,0,0.00,0.00,0
hsp 寂しがり,20,30,20,30,30,30,20,40,20,10,30,30,10,20,20,20,20,10,10,10,10,10,10,10,20,-33,0.00,0.00,0
hsp 寝る,20,90,90,70,40,50,40,30,40,30,40,20,20,10,30,30,10,10,20,20,20,10,20,30,10,-89,0.00,0.00,2
hsp 寝過ぎ,20,110,90,30,30,20,20,30,30,20,50,20,20,10,20,20,40,20,10,50,20,30,20,20,20,-82,0.00,0.00,0
hsp 対応の仕方,20,10,10,10,10,10,10,10,10,10,10,10,10,10,10,10,20,30,20,30,30,20,20,30,40,300,1.98,394.75,7
hsp 料理,20,40,20,30,20,40,20,30,30,10,40,20,40,50,20,10,10,10,10,20,10,20,10,20,20,-50,0.00,0.00,0
hsp 日立,20,10,10,10,30,20,10,20,30,20,20,20,10,20,20,10,10,10,10,10,20,30,10,20,20,100,0.00,0.00,0
hsp 本音が わからない,20,40,30,20,30,20,40,30,20,30,30,10,20,30,10,20,20,20,30,40,20,20,20,10,20,-50,0.00,0.00,1
hsp 母親,20,50,50,40,30,40,40,40,40,30,40,30,40,30,30,30,20,20,20,20,30,20,20,20,20,-60,0.00,0.00,0
hsp 満員電車,20,30,30,40,10,20,20,20,40,30,20,20,30,20,20,20,30,20,20,10,20,20,10,10,10,-67,0.00,0.00,0
hsp 溶解度,20,40,50,50,20,30,30,40,30,20,20,30,30,30,30,20,20,20,10,10,10,20,20,20,10,-75,0.00,0.00,0
hsp 留学,20,50,50,50,20,30,30,40,30,20,10,20,50,20,20,30,10,20,10,10,20,10,10,10,20,-60,0.00,0.00,0
hsp 相談できない,20,50,70,50,30,40,40,30,50,40,30,30,50,20,30,30,20,20,20,20,20,10,10,10,10,-80,0.00,0.00,0
hsp 相談窓口,20,50,70,70,50,50,50,50,30,70,30,50,40,20,30,30,40,20,20,10,10,20,20,20,20,-60,88.00,194.67,24
hsp 眠気,20,90,70,50,20,30,30,20,40,30,40,30,20,20,30,20,30,10,20,20,10,20,10,20,10,-89,0.00,0.00,3
hsp 眩しい,20,70,70,50,30,50,40,30,40,40,50,30,40,30,30,20,20,20,10,30,20,20,30,20,10,-86,0.00,0.00,0
hsp 睡眠不足,20,30,50,30,20,20,30,30,40,30,40,20,10,20,20,20,20,10,20,10,10,20,20,20,20,-33,0.00,0.00,0
hsp 空腹,20,70,70,50,30,30,40,40,50,30,70,30,50,50,30,30,20,20,30,20,30,20,10,10,10,-86,0.00,0.00,0
hsp 空腹に弱い,20,10,10,10,10,20,20,10,10,10,10,10,10,10,10,20,20,20,10,20,20,10,30,10,10,0,0.00,0.00,0
hsp 育った環境,20,10,20,10,10,10,20,20,10,20,10,20,20,10,20,20,20,20,20,20,10,10,10,20,20,100,0.00,0.00,0
hsp 誘い 断る,20,110,70,90,50,50,50,70,50,50,50,40,50,50,30,10,30,20,10,10,10,10,20,10,10,-91,0.00,0.00,0
hsp 車酔い,20,50,50,50,20,20,20,20,20,30,20,20,40,40,30,10,20,20,20,10,10,20,20,10,10,-80,0.00,0.00,0
hsp 運動,20,50,40,50,30,30,30,40,50,50,30,40,30,30,30,10,10,20,20,20,20,20,20,20,30,-40,0.00,0.00,0
hsp 部屋,20,50,50,40,20,30,30,20,20,20,20,20,20,10,30,10,20,20,20,10,30,20,20,10,10,-80,0.00,0.00,0
hsp 部屋づくり,20,40,30,20,20,30,30,20,20,20,20,20,20,10,20,10,20,30,10,20,10,10,10,20,10,-75,0.00,0.00,0
hsp 雷,20,20,10,10,10,10,10,20,30,10,20,40,30,40,10,10,20,10,10,10,10,20,10,20,30,50,0.00,0.00,0
hsp 騒音,20,90,70,50,40,30,20,40,40,40,50,40,20,20,20,30,40,20,20,20,20,20,10,10,10,-89,0.00,0.00,0
hsp-15f10,20,20,20,10,20,10,20,20,20,10,20,10,10,20,20,20,30,10,20,20,30,30,30,30,20,0,0.00,0.00,0
hspn 腎臓,20,10,10,10,10,20,10,10,10,20,20,10,10,10,10,10,30,10,10,10,40,10,20,20,10,0,0.00,0.00,0
non_hsp_mental02,20,0,0,0,0,0,0,0,0,0,0,0,0,0,0,0,0,170,50,10,10,0,0,0,0,0,0.00,0.00,0
roxy kebab hsp,20,10,10,10,20,10,10,30,30,30,30,20,20,20,30,30,20,10,20,10,20,10,10,10,10,0,0.00,0.00,2
youtube hsp,20,30,30,30,20,30,30,30,20,20,30,30,20,20,10,30,20,20,20,40,20,10,20,10,10,-67,0.00,0.00,0
すぐ 泣く hsp,20,20,30,30,20,30,30,20,30,30,30,20,30,10,10,10,20,30,30,30,30,30,20,10,10,-50,0.00,0.00,0
なぜ hsp に なる のか,20,20,30,20,20,20,20,20,20,20,10,20,30,20,20,10,20,20,20,20,20,20,30,10,20,0,0.00,0.00,5
もこもこ hsp,20,50,40,30,30,40,40,70,50,40,20,20,30,20,30,40,10,30,20,10,10,10,10,10,10,-80,0.00,0.00,0
よく 寝る 人 hsp,20,30,40,30,20,30,10,40,40,30,20,20,10,10,10,10,10,20,10,10,10,10,20,30,30,0,0.00,0.00,0
サングラス hsp,20,10,20,30,20,20,10,20,10,20,10,10,10,20,20,10,10,10,10,30,10,20,10,10,10,0,0.00,0.00,0
ニュー タイプ hsp,20,20,20,10,10,10,30,10,30,50,50,30,10,10,10,30,10,20,20,10,20,20,20,20,10,-50,0.00,0.00,0
ノイズキャンセリングイヤホン hsp,20,10,10,10,10,10,10,10,10,10,10,10,20,10,20,10,10,50,30,10,10,10,10,10,10,0,0.00,0.00,50
マスター ナンバー 11 hsp,20,20,50,20,40,40,20,20,20,20,30,20,20,20,20,30,40,20,30,20,20,20,20,30,20,0,0.00,0.00,0
マルチタスク 苦手 hsp,20,110,110,10,10,20,10,10,10,10,20,10,10,10,10,10,10,30,30,30,20,10,10,10,10,-91,0.00,0.00,24
ラジコン hsp,20,10,20,10,30,30,30,30,20,10,10,20,10,20,10,50,20,20,30,20,30,20,30,10,10,0,0.00,0.00,12
三浦春馬 hsp,20,20,30,10,20,20,20,30,20,20,30,20,40,20,10,10,20,10,20,10,10,10,20,20,10,-50,0.00,0.00,0
中学生 hsp,20,20,20,20,20,20,10,10,10,20,10,10,20,20,20,20,20,10,10,10,20,20,10,10,10,-50,0.00,0.00,21
二度見知り hsp,20,90,140,110,50,40,30,70,50,30,40,30,20,20,20,20,20,20,20,40,40,30,20,20,10,-89,0.00,0.00,1
仲介者 hsp,20,40,40,30,30,20,20,40,30,30,30,20,40,30,30,20,20,10,10,10,20,10,20,10,10,-75,0.00,0.00,0
刺激 を 求める hsp,20,20,10,10,20,10,10,20,20,30,30,20,30,20,20,10,10,20,20,20,20,10,20,10,10,-50,0.00,0.00,0
反芻 思考 hsp,20,30,20,20,10,20,10,10,10,20,20,10,10,20,30,30,40,30,40,30,10,20,10,20,20,-33,0.00,0.00,0
変化 が 苦手 hsp,20,10,10,10,10,10,10,10,10,10,10,10,10,10,10,10,10,10,20,20,30,10,20,30,40,300,0.00,0.00,5
山根綺 hsp,20,10,10,10,10,10,20,20,10,10,10,10,20,10,30,20,20,20,20,10,30,30,10,10,20,100,0.00,0.00,0
常に何かを考えている hsp,20,10,10,0,10,10,10,0,10,10,10,10,10,10,10,20,10,20,20,10,20,20,40,50,40,300,1.45,76.08,9
後天的 hsp,20,40,30,20,20,20,20,20,30,30,40,20,20,20,20,20,20,20,10,10,20,10,20,20,10,-75,0.00,0.00,1
性格 hsp,20,40,40,20,40,30,40,40,40,50,40,20,40,30,20,20,40,50,10,20,10,10,20,10,10,-75,0.00,0.00,2
擁護者 hsp,20,50,50,40,50,50,30,50,50,30,30,40,30,50,20,20,20,20,20,30,20,20,30,10,20,-60,0.00,0.00,0
涙もろい hsp,20,20,30,20,20,10,10,20,20,20,10,20,10,10,20,10,10,20,10,10,20,10,20,40,30,50,0.00,0.00,1
涙脆い hsp,20,20,30,20,20,10,10,20,20,20,10,20,10,10,20,10,10,20,10,10,20,10,20,40,30,50,0.00,0.00,1
満月 イライラ hsp,20,0,50,20,40,50,40,40,30,40,30,30,20,50,30,20,10,50,20,20,10,10,10,20,10,-80,0.00,0.00,0
疲れやすい hsp,20,50,50,40,40,40,30,40,40,40,30,30,30,30,20,30,30,30,20,20,20,30,20,20,20,-60,0.00,0.00,0
耳栓 hsp,20,20,20,30,30,20,20,30,30,30,30,20,40,20,20,40,30,30,40,10,10,20,20,20,20,0,0.00,0.00,82
脳疲労 hsp,20,30,20,20,10,10,20,20,20,20,20,10,10,10,10,10,10,10,20,20,10,50,20,10,10,-67,0.00,0.00,0
診断 hsp,20,20,20,20,30,40,30,30,30,20,30,30,50,30,30,30,30,30,30,30,20,20,20,10,20,0,0.00,0.00,5
高田 明和 hsp,20,20,10,10,10,10,10,20,10,10,10,10,10,20,20,30,10,20,20,10,10,20,20,10,10,-50,0.00,0.00,14
04705 sgnr jp hsp spl,10,0,0,0,0,0,0,0,0,0,0,0,0,20,20,10,10,0,0,0,0,0,10,0,0,0,0.00,0.00,0
04706 jp sgnr hsp spl,10,0,0,0,0,0,0,0,0,0,0,0,0,20,20,20,10,10,10,0,10,0,0,0,0,0,0.00,0.00,0
1 人 反省 会 hsp,10,10,10,10,10,10,10,10,10,10,10,10,10,10,10,10,10,0,0,0,10,10,10,10,10,0,0.00,0.00,0
2019 norco aurum hsp,10,20,30,10,20,20,30,50,20,20,20,10,30,10,10,10,10,10,10,10,10,10,20,20,10,-50,0.00,0.00,51
2025 hsp payroll schedule,10,0,0,0,0,50,50,30,30,20,30,30,30,30,30,30,30,10,10,10,10,10,0,10,0,0,0.00,0.00,0
2026 hsp individual payroll schedule,10,0,0,0,0,0,0,0,0,0,0,0,0,0,0,0,0,0,30,10,10,10,10,10,10,-67,0.00,0.00,0
3 歳 hsp,10,10,10,10,10,10,10,10,10,10,10,10,20,10,10,20,10,10,10,10,10,10,10,10,10,0,0.00,0.00,0
4 types hsp,10,10,10,10,0,10,10,10,10,10,10,10,10,0,0,10,10,10,10,10,10,10,10,0,10,0,0.00,0.00,14
40 代 hsp,10,10,10,10,10,10,10,10,20,10,10,20,20,10,10,10,10,10,10,10,10,10,10,10,10,0,0.00,0.00,0
50 代 hsp,10,10,20,10,10,10,10,20,10,10,20,20,20,10,10,10,10,10,10,10,10,30,10,0,10,0,0.00,0.00,4
5人に1人 hsp,10,0,10,0,10,10,10,10,10,10,0,0,10,10,10,10,10,10,10,10,10,10,10,10,0,0,0.00,0.00,0
6es7155 6aa02 0bn0 hsp,10,0,0,0,0,0,0,0,0,0,0,0,0,0,0,0,0,0,0,0,0,20,20,10,10,-50,0.00,0.00,5
877 hsp 1664,10,0,0,0,20,10,10,10,10,20,10,10,10,10,10,10,10,10,10,10,10,10,10,10,10,-50,0.00,0.00,36
99 式 hsp,10,10,20,10,10,10,10,10,10,20,20,10,20,20,10,10,10,10,10,10,10,10,20,10,10,0,0.00,0.00,0
hhs型 hsp,10,0,0,0,10,10,10,0,0,0,0,0,0,0,0,10,0,0,0,0,10,0,10,0,10,0,0.00,0.00,0
hs 型 hsp,10,0,0,10,10,10,10,10,10,10,10,10,10,10,10,10,10,10,10,10,10,10,10,10,10,0,0.00,0.00,0
hsp 03004,10,10,10,10,10,10,10,10,10,10,10,10,10,10,10,10,10,10,10,10,10,10,10,10,10,0,0.00,0.00,10
hsp 1人が好き,10,20,20,10,10,30,20,10,10,20,10,10,10,20,20,10,10,10,10,10,10,10,10,10,10,-50,0.00,0.00,0
hsp 2歳,10,30,20,20,10,20,10,10,10,10,10,10,10,10,20,10,10,10,10,10,10,10,10,10,10,-67,0.00,0.00,0
hsp 3d,10,40,40,30,10,30,10,20,10,10,20,10,10,10,10,10,20,10,10,20,10,10,30,10,10,-75,0.00,0.00,0
hsp 3人以上,10,30,40,30,10,30,10,10,10,10,20,20,10,10,20,10,10,10,20,10,10,10,10,10,10,-67,0.00,0.00,0
hsp 4つの分類,10,20,30,20,10,10,10,10,10,10,10,10,20,10,10,20,10,20,10,10,10,30,10,20,10,-50,0.00,0.00,0
hsp 4つの特徴,10,40,50,30,20,30,20,30,20,30,10,30,40,20,20,10,10,10,10,10,10,10,10,10,10,-75,0.00,0.00,5
hsp 4歳,10,30,20,20,10,20,10,10,20,20,10,10,20,10,10,10,20,10,20,10,10,10,10,10,20,-33,0.00,0.00,13
hsp 50a,10,10,20,20,10,10,10,30,20,10,10,10,10,10,10,20,10,20,10,10,20,10,10,10,10,0,582.67,"2,757.73",77
hsp 50代 仕事,10,20,10,10,10,10,20,20,30,20,10,10,30,10,20,10,10,10,10,10,10,10,10,10,20,0,100.99,831.92,43
hsp 5人に1人,10,20,20,10,30,30,10,10,20,20,20,10,20,10,10,10,10,10,10,10,10,10,10,10,10,-50,0.00,0.00,0
hsp 5人に1人も いない,10,20,20,20,10,20,10,10,10,10,10,10,10,10,10,10,10,10,10,10,10,10,10,10,10,-50,0.00,0.00,0
hsp 60 and 70,10,10,10,10,10,10,10,10,10,10,10,0,10,10,10,10,10,20,20,10,20,20,10,20,20,100,0.00,0.00,0
hsp 60 vs 70,10,0,0,0,0,0,0,0,0,0,0,0,0,0,0,0,0,0,0,0,0,0,0,0,30,0,0.00,0.00,0
hsp 650,10,40,30,20,10,20,10,10,20,10,10,10,10,10,10,10,10,10,20,10,10,10,20,10,10,-75,0.00,0.00,17
hsp 70 antibody quest diagnostics,10,0,0,0,0,0,0,0,0,0,0,0,0,0,0,0,0,0,0,0,0,0,0,0,40,0,589.76,707.71,15
hsp 88pb,10,10,10,10,10,20,10,10,10,10,10,30,10,10,10,10,10,10,10,20,10,20,10,30,10,0,0.00,0.00,26
hsp うるさいのが苦手,10,10,10,10,10,10,10,20,10,10,10,10,20,10,10,10,10,10,10,10,10,10,10,10,10,0,0.00,0.00,0
hsp もう 無理,10,10,20,10,10,10,10,10,10,10,10,10,10,10,10,10,10,10,20,20,10,10,10,10,10,0,0.00,0.00,0
hsp やらかし た,10,30,20,10,40,10,20,20,20,30,20,20,10,20,10,20,10,20,20,20,10,10,10,10,10,-67,0.00,0.00,0
hsp ゆりか,10,10,10,10,10,10,10,20,10,10,10,10,10,10,10,10,10,10,10,10,10,10,10,10,10,0,0.00,0.00,0
hsp を 活かす,10,10,10,20,10,20,10,20,10,20,10,20,10,10,10,10,10,10,10,10,10,10,10,10,10,0,0.00,0.00,9
hsp を 活かす 仕事,10,10,10,10,10,10,10,10,10,10,10,10,10,10,10,10,10,10,10,10,10,10,10,10,10,0,61.29,264.47,43
hsp を 言い訳 に する,10,10,20,20,10,20,10,20,20,10,10,10,10,10,10,10,10,10,10,10,10,10,10,10,0,0,0.00,0.00,0
hsp エビデンス,10,10,30,10,10,10,10,10,10,20,20,10,10,10,10,20,10,10,10,10,10,10,10,10,10,0,0.00,0.00,0
hsp エンパスとは,10,10,10,20,10,20,10,10,10,20,10,10,20,10,20,10,10,10,10,20,20,10,10,20,10,0,0.00,0.00,1
hsp クリエイティブ,10,20,30,10,20,30,20,20,20,30,20,10,20,10,10,20,10,10,10,10,10,10,10,10,10,-50,0.00,0.00,0
hsp ハンセン,10,20,30,20,10,30,10,20,10,20,30,20,10,10,10,10,10,10,10,10,10,20,20,10,10,-50,0.00,0.00,0
hsp マイナス思考,10,10,10,10,10,20,20,10,20,20,20,20,10,10,10,10,10,10,10,10,10,10,10,10,10,0,0.00,0.00,10
hsp マルチタスクできない,10,10,10,20,10,10,10,10,10,10,10,10,10,10,10,10,10,10,10,10,10,30,10,10,10,0,0.00,0.00,0
hsp メガネ 効果,10,0,0,0,0,0,0,0,0,0,0,0,0,0,0,0,0,0,0,20,30,30,20,20,20,0,0.00,0.00,0
hsp モラハラ加害者,10,50,30,20,20,20,20,10,10,10,20,10,20,10,10,10,10,20,10,10,10,10,10,10,10,-80,0.00,0.00,0
hsp ユーチューブ,10,40,20,10,10,20,20,20,10,10,10,10,20,20,20,10,10,20,10,10,10,10,10,10,10,-75,0.00,0.00,0
hsp ライン,10,10,20,30,10,20,20,10,20,30,10,10,10,10,10,40,10,20,10,10,30,20,20,10,10,0,0.00,0.00,0
hsp ルーティン,10,10,20,20,20,30,20,10,20,10,20,10,20,10,10,10,20,10,10,10,10,10,10,10,10,0,0.00,0.00,0
hsp ルート 営業,10,30,40,20,10,30,10,10,10,10,10,20,10,10,10,10,10,10,10,10,10,10,10,10,10,-67,0.00,0.00,0
hsp ルールズ,10,30,50,40,70,40,40,50,40,20,40,30,10,20,20,20,20,10,10,10,30,10,10,10,10,-67,0.00,0.00,0
hsp ロストワン,10,90,90,70,50,50,50,30,30,20,40,30,10,20,10,10,20,10,10,10,10,10,10,10,10,-89,0.00,0.00,0
hsp ロック 好き,10,20,20,10,10,20,10,10,10,10,0,10,0,10,0,10,10,0,10,0,10,10,10,10,10,-50,0.00,0.00,0
hsp ロンブー,10,10,10,20,10,10,10,10,10,10,10,0,10,10,10,10,10,10,10,0,10,10,10,0,10,0,0.00,0.00,0
hsp ロンブー淳,10,40,40,20,10,10,10,10,10,10,10,10,10,10,10,10,10,10,10,10,10,10,10,10,10,-75,0.00,0.00,0
hsp 作家,10,50,20,20,10,10,10,20,20,20,20,20,10,10,20,20,10,10,10,10,20,10,10,20,20,-60,0.00,0.00,0
hsp 併発,10,20,20,20,20,20,10,20,10,20,20,10,10,10,20,20,10,10,10,10,10,10,10,20,10,-50,0.00,0.00,0
hsp 優柔不断,10,20,20,20,20,30,20,30,20,10,20,20,30,20,20,20,10,10,20,20,10,10,10,20,10,-50,0.00,0.00,0
hsp 判断基準,10,20,20,20,20,20,20,20,30,20,30,20,70,20,20,10,10,10,10,40,10,10,10,20,20,0,0.00,0.00,2
hsp 夢を見やすい,10,10,10,10,10,20,10,30,10,10,10,10,10,10,20,10,10,10,20,10,10,10,10,10,10,0,0.00,0.00,0
hsp 妄想,10,40,50,40,20,30,10,20,10,20,10,20,20,10,10,10,10,10,10,10,10,10,20,10,20,-50,0.00,0.00,0
hsp 寝不足,10,20,20,20,10,10,20,10,20,20,10,10,10,10,10,10,10,10,10,10,10,10,10,10,10,-50,0.00,0.00,0
hsp 年齢,10,10,10,10,20,20,10,10,10,10,10,10,10,10,10,10,10,20,10,10,10,10,10,10,10,0,0.00,0.00,0
hsp 恋愛 本,10,40,20,10,10,30,20,30,10,10,20,30,10,10,10,10,10,20,20,10,20,30,20,10,10,-75,0.00,0.00,62
hsp 恋愛傾向,10,10,10,10,10,10,10,10,20,10,10,10,10,10,10,10,10,10,10,10,10,20,20,20,10,0,0.00,0.00,0
hsp 悪いこと,10,20,20,10,10,10,10,10,20,10,10,10,20,10,10,10,10,10,10,10,10,10,10,10,10,-50,0.00,0.00,0
hsp 有名人 日本人,10,10,10,10,10,10,10,10,10,10,10,10,10,10,10,10,10,10,10,10,10,10,10,10,20,100,0.00,0.00,0
hsp 楽になりたい,10,10,20,10,10,10,10,10,10,10,10,10,10,10,10,10,10,10,10,10,10,10,10,10,10,0,0.00,0.00,52
hsp 浪人,10,10,10,10,10,10,10,10,20,0,10,10,10,10,10,10,10,10,10,10,10,10,0,0,10,0,0.00,0.00,0
hsp 測定,10,20,10,10,10,10,30,10,10,10,10,10,10,10,10,20,10,10,10,10,10,10,10,10,10,-50,0.00,0.00,0
hsp 無気力,10,30,30,20,30,30,20,20,20,10,20,20,30,10,20,20,10,10,10,10,10,10,10,10,20,-33,0.00,0.00,0
hsp 燃え尽き 症候群,10,30,40,30,20,10,10,10,10,10,10,10,20,20,20,20,10,10,20,10,10,10,10,10,10,-67,0.00,0.00,3
hsp 療育,10,0,0,0,0,0,0,0,0,0,0,0,20,10,10,10,10,10,10,10,20,10,10,10,10,-50,0.00,0.00,14
hsp 発作,10,10,10,10,10,10,10,10,20,20,10,20,10,10,10,10,20,10,20,10,10,10,20,20,10,0,0.00,0.00,0
hsp 老後,10,30,40,30,20,20,10,10,10,10,20,10,10,10,10,20,20,10,20,10,20,10,10,10,20,-33,0.00,0.00,0
hsp 耳がいい,10,40,50,50,20,20,30,30,30,20,30,10,20,20,30,20,10,10,10,20,10,10,10,10,10,-75,0.00,0.00,0
hsp 育て方,10,20,30,20,20,30,20,30,20,30,20,10,10,30,10,20,20,20,20,10,10,10,10,10,10,-50,0.00,0.00,16
hsp 臭い,10,20,10,10,10,10,10,10,10,10,10,10,10,10,10,10,20,10,10,10,10,10,10,10,10,-50,0.00,0.00,0
hsp 読むべき本,10,20,10,10,10,20,10,20,10,10,10,10,20,10,10,10,10,10,10,10,10,10,10,10,10,-50,0.00,0.00,100
hsp 論文 日本 語,10,10,30,40,20,10,10,10,10,10,10,10,10,10,10,10,10,10,10,10,10,0,10,10,0,0,0.00,0.00,0
hsp 身内の死,10,20,20,20,20,30,20,10,30,10,10,10,10,20,20,10,10,10,30,20,10,10,10,10,10,-50,0.00,0.00,0
hsp 返信,10,10,10,10,10,10,10,10,10,10,10,10,10,10,10,10,10,10,10,10,10,10,10,10,10,0,0.00,0.00,0
hsp 類似,10,10,20,20,10,30,10,20,20,20,20,20,20,20,10,10,10,10,10,10,10,10,10,10,10,0,0.00,0.00,0
music for hsp,10,10,10,10,10,10,10,10,0,10,10,10,10,10,10,10,10,10,10,10,10,10,10,10,10,0,0.00,0.00,0
raid hsp,10,10,10,10,10,10,10,10,10,10,10,10,10,10,10,10,10,10,10,10,10,10,0,10,0,0,0.00,0.00,0
raspberry pi hsp,10,10,10,10,10,10,10,10,10,10,0,10,10,10,10,10,10,0,0,10,10,0,0,10,0,0,0.00,0.00,0
ryota hsp,10,20,10,10,10,10,10,10,10,10,10,10,10,10,10,10,10,10,10,10,10,10,0,10,10,-50,0.00,0.00,0
thorax hsp,10,10,10,10,10,10,10,10,10,10,10,10,10,10,10,10,10,10,10,10,10,10,10,10,10,0,0.00,0.00,35
what is hsp visa japan,10,0,0,0,0,0,0,0,0,0,0,0,0,0,0,0,0,0,0,20,10,10,20,30,30,50,0.00,0.00,1
yuno_hsp_adhd,10,0,0,0,0,0,0,0,0,0,0,0,0,0,0,0,0,0,0,0,0,0,110,10,0,0,0.00,0.00,0
ちゃん みな hsp,10,0,0,0,0,0,0,0,0,0,0,0,0,0,0,0,0,50,20,30,20,10,10,10,10,-80,0.00,0.00,0
もこもこ hsp 診断,10,10,10,10,10,10,10,10,10,10,10,0,20,10,10,30,10,10,10,10,10,10,10,10,0,0,0.00,0.00,0
もらい泣き hsp,10,10,10,10,10,10,10,10,10,10,10,10,10,10,10,10,10,10,10,10,0,10,10,10,10,0,0.00,0.00,0
ゆめっぺ hsp,10,40,10,10,10,10,10,10,20,10,10,10,30,10,10,10,10,10,10,10,10,10,0,10,10,-75,0.00,0.00,0
ゆりか hsp,10,10,10,10,20,10,10,10,10,10,10,10,10,10,10,10,10,10,10,10,10,10,10,10,20,100,0.00,0.00,0
よく 寝る hsp,10,10,10,10,10,10,10,10,10,10,0,10,10,10,10,10,10,10,10,10,0,10,10,10,10,0,0.00,0.00,0
らしく hsp,10,10,10,20,20,10,10,20,20,10,10,10,10,10,10,10,10,10,0,10,10,10,10,0,10,0,0.00,0.00,0
りょう た hsp,10,20,40,20,10,20,10,10,10,10,10,10,10,10,10,20,10,10,10,0,10,10,10,0,10,-50,0.00,0.00,0
コーヒー hsp,10,10,10,10,10,10,10,10,10,30,10,10,10,10,20,10,10,10,10,10,10,10,10,10,10,0,0.00,0.00,0
サバゲー hsp,10,20,10,10,0,10,10,10,10,20,10,10,20,10,10,10,0,0,10,10,10,20,20,10,20,0,0.00,0.00,1
サロモン hsp,10,10,10,10,20,50,30,10,10,10,10,10,10,10,10,10,20,30,40,10,10,0,10,10,0,0,0.00,0.00,0
スピリチュアル hsp,10,10,10,10,10,10,10,10,10,10,10,10,10,10,10,10,10,10,10,10,10,10,10,10,10,0,0.00,0.00,0
ソシオパス hsp,10,20,20,10,10,30,30,10,10,10,10,20,10,10,20,10,10,10,10,10,10,10,10,10,10,-50,0.00,0.00,0
ソリタリー hsp 違い,10,20,40,20,20,10,10,10,10,20,10,10,10,10,10,10,10,10,10,10,10,10,10,10,10,-50,0.00,0.00,0
ノイズ キャンセ リング hsp,10,10,10,10,10,10,20,20,10,10,20,10,10,20,10,10,10,10,10,10,10,10,10,10,10,0,0.00,0.00,18
フリーランス hsp,10,20,30,30,10,10,20,20,20,10,20,20,20,20,10,10,20,10,10,10,10,10,10,10,10,-50,0.00,0.00,14
ヘルプマーク hsp,10,20,20,20,10,20,10,10,10,10,10,10,20,10,20,10,10,10,10,10,10,10,20,20,10,-50,0.00,0.00,0
マインド フル ネス hsp,10,20,10,30,10,10,30,10,10,10,10,10,20,10,10,10,10,10,10,10,10,10,10,10,10,-50,0.00,0.00,14
マッチング アプリ hsp,10,10,20,10,10,10,10,10,10,10,10,10,10,20,10,10,20,10,10,10,0,10,10,10,10,0,0.00,0.00,0
マルチタスク hsp,10,10,10,10,10,10,20,20,10,10,10,10,10,10,10,10,10,10,10,10,10,10,10,10,10,0,0.00,0.00,0
ミソフォニア hsp 両方,10,30,50,40,30,40,40,40,40,20,20,20,70,20,20,20,20,10,20,10,10,10,10,0,10,-67,0.00,0.00,0
ミソフォニア hsp 違い,10,20,20,20,20,10,10,10,20,10,10,10,10,10,10,10,10,10,10,10,10,10,10,10,10,-50,0.00,0.00,0
ミニマ リスト hsp,10,90,110,70,30,70,70,70,50,20,30,50,30,20,20,20,20,10,10,10,20,10,10,10,20,-78,0.00,0.00,0
ライトワーカー hsp,10,10,20,20,10,10,20,10,10,10,10,10,10,10,10,10,10,10,10,10,10,10,10,10,10,0,0.00,0.00,0
ロンドン ブーツ 淳 hsp,10,10,10,10,10,10,10,10,10,10,10,10,10,10,10,10,10,10,0,0,0,10,10,10,10,0,0.00,0.00,0
ロンブー hsp,10,10,10,10,10,10,10,10,10,10,10,10,10,10,10,10,10,0,10,10,10,0,0,10,0,0,0.00,0.00,0
一人になりたい hsp,10,10,10,10,10,10,10,10,10,10,10,10,10,10,10,10,10,10,10,10,10,0,10,10,10,0,0.00,0.00,0
不安 hsp,10,10,10,20,10,10,10,10,10,10,10,10,10,10,10,10,10,10,10,10,10,10,10,10,10,0,0.00,0.00,0
両向型 hsp,10,20,10,20,10,10,10,10,10,10,10,40,10,10,10,10,10,10,10,10,10,10,10,10,10,-50,0.00,0.00,0
串崎真志 hsp,10,10,10,10,10,10,10,10,10,10,10,10,10,20,10,10,10,10,10,10,10,10,10,10,10,0,0.00,0.00,0
人間 関係 hsp,10,10,10,10,10,10,10,10,10,10,10,10,10,10,10,10,10,10,10,10,10,10,10,10,10,0,0.00,0.00,7
人間不信 hsp,10,20,10,10,10,20,10,10,10,10,10,10,10,10,10,10,10,10,10,10,10,10,10,10,10,-50,0.00,0.00,0
保育 士 hsp,10,20,20,30,20,10,10,20,40,10,20,10,10,20,10,10,10,20,20,20,10,10,10,10,10,-50,0.00,0.00,0
優柔不断 hsp,10,10,10,10,10,10,10,10,10,10,10,10,10,10,10,10,10,10,10,10,0,10,10,10,10,0,0.00,0.00,0
副業 hsp,10,10,10,10,10,10,10,10,10,10,10,10,10,10,10,10,10,10,10,10,0,10,10,10,10,0,0.00,0.00,0
匂い に 敏感 hsp,10,10,20,10,10,10,10,10,10,10,10,10,10,10,10,10,10,10,10,10,10,10,10,10,10,0,0.00,0.00,0
匂いに敏感な人 hsp,10,0,0,0,0,0,0,0,0,0,0,0,0,0,0,0,0,0,0,0,0,50,50,40,10,-80,0.00,0.00,0
友達 いない hsp,10,10,10,10,10,10,10,10,10,10,10,10,10,10,10,10,10,0,10,10,10,10,0,10,10,0,0.00,0.00,0
名古屋 hsp,10,10,20,10,10,10,10,10,10,10,10,10,10,20,10,10,20,20,10,10,10,10,10,0,10,0,0.00,0.00,8
周りの目が気になる hsp,10,70,70,30,10,10,10,20,10,10,10,10,10,10,10,10,10,10,10,10,10,10,10,10,10,-86,0.00,0.00,0
妻 hsp,10,30,20,30,20,20,20,10,20,20,20,20,30,10,10,20,10,10,10,10,10,20,10,10,10,-67,0.00,0.00,0
寝ても寝ても眠い hsp,10,20,20,10,20,20,10,10,10,20,10,10,10,10,10,10,10,10,10,10,10,10,10,10,10,-50,0.00,0.00,4
寝ても眠い hsp,10,10,10,10,10,10,10,10,10,10,10,10,10,10,0,10,10,10,0,10,10,10,10,10,10,0,0.00,0.00,7
常に 考え事 hsp,10,10,20,10,20,30,20,20,20,20,20,10,20,10,20,10,10,10,10,10,10,10,10,10,10,0,0.00,0.00,14
平野 紫 耀 hsp,10,10,10,10,10,10,10,10,30,10,10,10,10,10,10,10,10,10,10,10,10,10,10,10,10,0,0.00,0.00,0
後 天性 hsp,10,20,20,10,20,10,20,20,20,20,20,10,20,10,10,10,10,20,10,20,10,10,10,10,10,-50,0.00,0.00,1
後天性 hsp,10,20,20,10,20,10,20,20,20,20,20,10,20,10,10,10,10,20,10,20,10,10,10,10,10,-50,0.00,0.00,1
恋愛 hsp,10,10,10,10,20,10,10,10,10,20,10,10,20,10,10,10,10,10,10,10,10,10,10,10,10,0,0.00,0.00,0
掃除 機 の 音 hsp,10,10,10,10,10,10,10,10,10,10,10,10,10,10,10,10,10,10,20,10,10,10,10,10,10,0,0.00,0.00,0
旅行 hsp,10,20,10,10,10,10,10,20,10,10,10,10,10,10,10,10,20,10,10,10,10,10,10,10,10,-50,0.00,0.00,0
最上もが hsp,10,50,10,10,10,20,20,20,10,20,20,20,10,10,20,10,10,10,20,10,10,10,10,10,10,-80,0.00,0.00,0
有限 会社 hsp,10,10,10,0,10,10,10,10,10,10,10,10,10,10,10,10,10,10,10,10,10,10,10,10,10,0,0.00,0.00,0
本 hsp,10,10,20,10,20,30,20,10,10,10,10,10,10,20,10,10,10,10,10,10,10,0,10,10,10,0,0.00,0.00,71
札幌 hsp,10,10,20,10,10,10,10,20,20,20,20,30,20,10,10,10,20,10,10,10,10,10,10,10,10,0,0.00,0.00,2
村上 春樹 hsp,10,10,10,10,10,10,10,10,0,0,10,10,10,10,10,10,10,10,10,10,10,10,10,10,0,0,0.00,0.00,0
松島 聡 hsp,10,0,0,0,0,0,0,0,0,0,0,0,0,0,0,0,0,0,0,0,0,70,10,10,10,-86,0.00,0.00,0
楽天 hsp,10,10,10,10,0,10,0,0,10,10,10,10,10,10,10,10,10,10,10,10,10,10,10,10,0,0,0.00,0.00,0
武田 友紀 hsp,10,10,10,10,10,10,10,10,10,10,20,10,50,10,10,10,10,10,10,10,10,10,20,10,10,0,0.00,0.00,0
泣き虫 hsp,10,10,10,10,10,10,20,10,10,10,10,10,10,10,10,10,10,10,10,10,10,10,10,10,10,0,0.00,0.00,0
熊本 hsp,10,10,10,10,10,10,10,10,10,10,10,10,10,10,10,10,10,10,10,10,10,10,10,10,0,0,0.00,0.00,0
熱 ショック タンパク質 hsp,10,10,10,10,10,10,0,10,10,10,10,10,10,10,10,10,10,10,10,10,10,10,10,10,10,0,0.00,0.00,0
猫 hsp,10,10,10,10,10,10,10,10,10,20,10,10,10,10,10,10,10,10,10,10,10,10,10,10,10,0,0.00,0.00,0
疎外 感 hsp,10,50,20,30,20,30,30,30,20,20,20,10,10,20,10,10,20,20,10,10,10,10,10,10,10,-80,0.00,0.00,0
眠い hsp,10,10,10,10,10,10,10,10,10,10,10,10,10,10,10,10,10,0,10,10,10,10,10,10,10,0,0.00,0.00,0
眠れない hsp,10,10,10,20,10,10,10,10,10,10,10,10,10,10,10,10,10,10,10,10,10,10,0,10,0,0,0.00,0.00,0
瞑想 hsp,10,20,20,10,10,20,10,20,10,10,10,10,10,10,10,10,10,10,10,10,10,10,10,10,10,-50,0.00,0.00,0
私 hsp だから,10,10,10,10,10,10,10,10,10,10,10,10,10,10,10,10,10,10,10,10,10,10,10,10,10,0,0.00,0.00,0
私 は hsp,10,10,10,10,10,10,10,10,10,10,10,10,10,10,10,10,10,10,10,10,10,10,10,10,20,100,0.00,0.00,10
空腹 hsp,10,10,10,10,10,10,10,10,10,0,10,10,10,10,10,10,10,10,10,10,10,10,10,10,10,0,0.00,0.00,0
空腹 イライラ hsp,10,30,10,20,20,10,20,30,30,20,10,10,10,10,20,10,10,10,10,10,10,10,10,0,10,-67,0.00,0.00,0
箭内 夢 菜 hsp,10,20,10,10,10,10,10,10,10,10,10,30,70,10,10,10,10,10,10,10,10,20,10,10,10,-50,0.00,0.00,0
米津玄師 hsp,10,40,20,10,10,10,30,10,10,10,20,10,10,10,10,20,20,20,10,10,10,10,10,10,10,-75,0.00,0.00,0
約束の日が近づくと憂鬱になる hsp,10,20,50,20,10,20,30,20,10,30,20,10,10,10,10,10,10,10,10,20,40,10,10,10,10,-50,0.00,0.00,0
経理 hsp,10,30,20,20,40,30,30,40,50,50,30,20,20,10,20,10,10,20,10,10,10,10,10,10,10,-67,0.00,0.00,0
若林 hsp,10,10,10,10,10,10,20,10,10,10,10,10,10,10,10,10,10,10,10,10,10,10,10,0,10,0,0.00,0.00,0
若林正恭 hsp,10,10,10,10,20,10,10,10,10,10,10,10,10,10,0,0,10,10,10,10,10,10,10,10,10,0,0.00,0.00,0
薬剤師 hsp,10,30,10,10,10,10,10,10,10,10,10,10,10,10,10,10,10,10,10,10,0,10,10,10,20,-33,0.00,0.00,0
要潤 hsp,10,20,20,10,20,10,20,10,10,10,10,10,10,10,20,10,10,10,10,10,10,10,10,10,10,-50,0.00,0.00,0
認知行動療法 hsp,10,10,10,10,10,10,0,10,10,10,10,10,10,10,10,10,10,10,10,20,10,10,10,10,10,0,0.00,0.00,0
逃げ 癖 hsp,10,10,10,10,10,10,10,10,10,10,10,10,10,10,10,10,10,10,10,10,10,10,10,10,10,0,0.00,0.00,0
適職 hsp,10,10,10,10,10,10,10,10,20,10,10,10,10,10,10,10,10,10,10,10,10,0,10,10,0,0,0.00,0.00,0
野田 クリスタル hsp,10,20,20,10,10,20,10,10,10,10,10,10,10,10,10,10,10,10,10,10,10,10,10,10,10,-50,0.00,0.00,0
長女 hsp,10,10,10,10,10,10,10,10,30,10,10,10,20,10,20,10,10,10,10,10,10,10,10,10,10,0,0.00,0.00,0
霊感 hsp,10,10,10,10,10,10,10,10,10,10,10,10,10,10,10,10,10,10,10,10,10,10,10,10,10,0,0.00,0.00,0
面接 hsp,10,20,10,10,10,10,10,10,10,10,10,20,10,10,10,10,10,10,10,10,10,10,10,10,10,-50,0.00,0.00,0
飲み 会 hsp,10,10,20,20,10,10,10,20,20,10,10,10,10,10,10,10,20,10,10,10,10,10,10,10,10,0,0.00,0.00,0
高橋海人 hsp,10,10,10,10,10,10,0,10,10,10,10,20,40,10,10,20,10,10,10,10,10,10,10,10,10,0,0.00,0.00,0
0011 md hsp field hospital,,,,,,,,,,,,,,,,,,,,,,,,,,,,,
003 1 hsp,,,,,,,,,,,,,,,,,,,,,,,,,,,,,
040 hsp,,,,,,,,,,,,,,,,,,,,,,,,,,,,,
041 hsp,,,,,,,,,,,,,,,,,,,,,,,,,,,,,
0528 md hsp,,,,,,,,,,,,,,,,,,,,,,,,,,,,,
0586 md hsp field hospital,,,,,,,,,,,,,,,,,,,,,,,,,,,,,
081 hsp,,,,,,,,,,,,,,,,,,,,,,,,,,,,,
082 hsp,,,,,,,,,,,,,,,,,,,,,,,,,,,,,
1 10 rc car hsp,,,,,,,,,,,,,,,,,,,,,,,,,,,,,
1 人 に なりたい hsp,,,,,,,,,,,,,,,,,,,,,,,,,,,,,
10 代 hsp,,,,,,,,,,,,,,,,,,,,,,,,,,,,,
100 hsp,,,,,,,,,,,,,,,,,,,,,,,,,,,,,
1861 hsp,,,,,,,,,,,,,,,,,,,,,,,,,,,,,
19 式 hsp,,,,,,,,,,,,,,,,,,,,,,,,,,,,,
1人が好き hsp,,,,,,,,,,,,,,,,,,,,,,,,,,,,,
1歳 hsp,,,,,,,,,,,,,,,,,,,,,,,,,,,,,
2022 norco aurum hsp,,,,,,,,,,,,,,,,,,,,,,,,,,,,,
27ips240wqhdr-hsp,,,,,,,,,,,,,,,,,,,,,,,,,,,,,
282ips4kp-hsp-c90w,,,,,,,,,,,,,,,,,,,,,,,,,,,,,
28ips120uhd-hsp,,,,,,,,,,,,,,,,,,,,,,,,,,,,,
2歳 hsp,,,,,,,,,,,,,,,,,,,,,,,,,,,,,
3 bros kebab hsp,,,,,,,,,,,,,,,,,,,,,,,,,,,,,
3 sauces for hsp,,,,,,,,,,,,,,,,,,,,,,,,,,,,,
300 hsp,,,,,,,,,,,,,,,,,,,,,,,,,,,,,
301 013 hsp,,,,,,,,,,,,,,,,,,,,,,,,,,,,,
301 220 hsp,,,,,,,,,,,,,,,,,,,,,,,,,,,,,
30代 hsp,,,,,,,,,,,,,,,,,,,,,,,,,,,,,
315v160ur hsp,,,,,,,,,,,,,,,,,,,,,,,,,,,,,
3歳児 hsp,,,,,,,,,,,,,,,,,,,,,,,,,,,,,
4 aspek hsp,,,,,,,,,,,,,,,,,,,,,,,,,,,,,
4 traits of hsp,,,,,,,,,,,,,,,,,,,,,,,,,,,,,
4 歳 hsp,,,,,,,,,,,,,,,,,,,,,,,,,,,,,
410-5h hsp,,,,,,,,,,,,,,,,,,,,,,,,,,,,,
4dx hsp,,,,,,,,,,,,,,,,,,,,,,,,,,,,,
4w5 hsp,,,,,,,,,,,,,,,,,,,,,,,,,,,,,
4x hsp,,,,,,,,,,,,,,,,,,,,,,,,,,,,,
4人以上 話せない hsp,,,,,,,,,,,,,,,,,,,,,,,,,,,,,
5 歳 hsp,,,,,,,,,,,,,,,,,,,,,,,,,,,,,
504 hsp,,,,,,,,,,,,,,,,,,,,,,,,,,,,,
555 claim hsp,,,,,,,,,,,,,,,,,,,,,,,,,,,,,
582 hsp,,,,,,,,,,,,,,,,,,,,,,,,,,,,,
583 2 hsp,,,,,,,,,,,,,,,,,,,,,,,,,,,,,
68kd hsp 70 antibodies,,,,,,,,,,,,,,,,,,,,,,,,,,,,,
6es7 136 6db01 0ca0 hsp,,,,,,,,,,,,,,,,,,,,,,,,,,,,,
6es7 512 1sm03 0ab0 hsp,,,,,,,,,,,,,,,,,,,,,,,,,,,,,
6es7 515 2fn03 0ab0 hsp,,,,,,,,,,,,,,,,,,,,,,,,,,,,,
6es7155 6au02 0bn0 hsp download,,,,,,,,,,,,,,,,,,,,,,,,,,,,,
700 hsp,,,,,,,,,,,,,,,,,,,,,,,,,,,,,
710 hsp,,,,,,,,,,,,,,,,,,,,,,,,,,,,,
722 claim hsp,,,,,,,,,,,,,,,,,,,,,,,,,,,,,
760 claim hsp,,,,,,,,,,,,,,,,,,,,,,,,,,,,,
770 claim hsp,,,,,,,,,,,,,,,,,,,,,,,,,,,,,
777 claim hsp,,,,,,,,,,,,,,,,,,,,,,,,,,,,,
791 claim hsp,,,,,,,,,,,,,,,,,,,,,,,,,,,,,
7km9300 0ae02 0aa0 hsp,,,,,,,,,,,,,,,,,,,,,,,,,,,,,
820 claim hsp,,,,,,,,,,,,,,,,,,,,,,,,,,,,,
830 hsp claim,,,,,,,,,,,,,,,,,,,,,,,,,,,,,
831 claim hsp,,,,,,,,,,,,,,,,,,,,,,,,,,,,,
840 claim hsp,,,,,,,,,,,,,,,,,,,,,,,,,,,,,
850 claim hsp,,,,,,,,,,,,,,,,,,,,,,,,,,,,,
8540 hsp,,,,,,,,,,,,,,,,,,,,,,,,,,,,,
888 claim hsp,,,,,,,,,,,,,,,,,,,,,,,,,,,,,
90 hsp,,,,,,,,,,,,,,,,,,,,,,,,,,,,,
940 hsp,,,,,,,,,,,,,,,,,,,,,,,,,,,,,
94166 hsp,,,,,,,,,,,,,,,,,,,,,,,,,,,,,
99 hsp,,,,,,,,,,,,,,,,,,,,,,,,,,,,,
9時間睡眠 hsp,,,,,,,,,,,,,,,,,,,,,,,,,,,,,
adha hsp,,,,,,,,,,,,,,,,,,,,,,,,,,,,,
as number hsp,,,,,,,,,,,,,,,,,,,,,,,,,,,,,
asd hsp 併発,,,,,,,,,,,,,,,,,,,,,,,,,,,,,
hereditary spastic paraplegia hsp,,,,,,,,,,,,,,,,,,,,,,,,,,,,,
how does hsp,,,,,,,,,,,,,,,,,,,,,,,,,,,,,
how to book hsp,,,,,,,,,,,,,,,,,,,,,,,,,,,,,
hsp 01 dav college hoshiarpur,,,,,,,,,,,,,,,,,,,,,,,,,,,,,
hsp 02096,,,,,,,,,,,,,,,,,,,,,,,,,,,,,
hsp 03003,,,,,,,,,,,,,,,,,,,,,,,,,,,,,
hsp 1人が楽,,,,,,,,,,,,,,,,,,,,,,,,,,,,,
hsp 2 種類,,,,,,,,,,,,,,,,,,,,,,,,,,,,,
hsp 3.8,,,,,,,,,,,,,,,,,,,,,,,,,,,,,
hsp 3歳 特徴,,,,,,,,,,,,,,,,,,,,,,,,,,,,,
hsp 50 代 ブログ,,,,,,,,,,,,,,,,,,,,,,,,,,,,,
hsp 5感,,,,,,,,,,,,,,,,,,,,,,,,,,,,,
hsp 5歳,,,,,,,,,,,,,,,,,,,,,,,,,,,,,
hsp 60 代,,,,,,,,,,,,,,,,,,,,,,,,,,,,,
hsp 610 claim,,,,,,,,,,,,,,,,,,,,,,,,,,,,,
hsp 640 claim,,,,,,,,,,,,,,,,,,,,,,,,,,,,,
hsp 681 claim,,,,,,,,,,,,,,,,,,,,,,,,,,,,,
hsp 70 labcorp,,,,,,,,,,,,,,,,,,,,,,,,,,,,,
hsp 70 quest,,,,,,,,,,,,,,,,,,,,,,,,,,,,,
hsp 70 test,,,,,,,,,,,,,,,,,,,,,,,,,,,,,
hsp 701 pistol,,,,,,,,,,,,,,,,,,,,,,,,,,,,,
hsp 8040 link belt,,,,,,,,,,,,,,,,,,,,,,,,,,,,,
hsp 8050,,,,,,,,,,,,,,,,,,,,,,,,,,,,,
hsp 8050 crane,,,,,,,,,,,,,,,,,,,,,,,,,,,,,
hsp 830 claim,,,,,,,,,,,,,,,,,,,,,,,,,,,,,
hsp 8349,,,,,,,,,,,,,,,,,,,,,,,,,,,,,
hsp 8351,,,,,,,,,,,,,,,,,,,,,,,,,,,,,
hsp 840 claim,,,,,,,,,,,,,,,,,,,,,,,,,,,,,
hsp works 11 14,,,,,,,,,,,,,,,,,,,,,,,,,,,,,
hsp うつ,,,,,,,,,,,,,,,,,,,,,,,,,,,,,
hsp うつ病,,,,,,,,,,,,,,,,,,,,,,,,,,,,,
hsp うつ病 仕事,,,,,,,,,,,,,,,,,,,,,,,,,,,,,
hsp くだらない,,,,,,,,,,,,,,,,,,,,,,,,,,,,,
hsp さん うざい,,,,,,,,,,,,,,,,,,,,,,,,,,,,,
hsp その他,,,,,,,,,,,,,,,,,,,,,,,,,,,,,
hsp ぬいぐるみ 好き,,,,,,,,,,,,,,,,,,,,,,,,,,,,,
hsp ぬいぐるみ好き,,,,,,,,,,,,,,,,,,,,,,,,,,,,,
hsp を 治 したい,,,,,,,,,,,,,,,,,,,,,,,,,,,,,
hsp を 治す 方法,,,,,,,,,,,,,,,,,,,,,,,,,,,,,
hsp を 理解 する,,,,,,,,,,,,,,,,,,,,,,,,,,,,,
hsp を 理解 する 本,,,,,,,,,,,,,,,,,,,,,,,,,,,,,
hsp を 知る,,,,,,,,,,,,,,,,,,,,,,,,,,,,,
hsp を 自称,,,,,,,,,,,,,,,,,,,,,,,,,,,,,
hsp アスペルガー,,,,,,,,,,,,,,,,,,,,,,,,,,,,,
hsp アスペルガー 併発,,,,,,,,,,,,,,,,,,,,,,,,,,,,,
hsp カウンセリング,,,,,,,,,,,,,,,,,,,,,,,,,,,,,
hsp サイコパス,,,,,,,,,,,,,,,,,,,,,,,,,,,,,
hsp ネガティブ思考,,,,,,,,,,,,,,,,,,,,,,,,,,,,,
hsp メンタルクリニック,,,,,,,,,,,,,,,,,,,,,,,,,,,,,
hsp モラハラ,,,,,,,,,,,,,,,,,,,,,,,,,,,,,
hsp ユーチューバー,,,,,,,,,,,,,,,,,,,,,,,,,,,,,
hsp ランダム,,,,,,,,,,,,,,,,,,,,,,,,,,,,,
hsp ルーティンワーク,,,,,,,,,,,,,,,,,,,,,,,,,,,,,
hsp ルート配送,,,,,,,,,,,,,,,,,,,,,,,,,,,,,
hsp ルーム,,,,,,,,,,,,,,,,,,,,,,,,,,,,,
hsp ルールズ 13,,,,,,,,,,,,,,,,,,,,,,,,,,,,,
hsp 不安症,,,,,,,,,,,,,,,,,,,,,,,,,,,,,
hsp 不安障害,,,,,,,,,,,,,,,,,,,,,,,,,,,,,
hsp 不登校,,,,,,,,,,,,,,,,,,,,,,,,,,,,,
hsp 不眠症,,,,,,,,,,,,,,,,,,,,,,,,,,,,,
hsp 予約 苦手,,,,,,,,,,,,,,,,,,,,,,,,,,,,,
hsp 偏頭痛,,,,,,,,,,,,,,,,,,,,,,,,,,,,,
hsp 克服 した 人,,,,,,,,,,,,,,,,,,,,,,,,,,,,,
hsp 内視鏡,,,,,,,,,,,,,,,,,,,,,,,,,,,,,
hsp 割合 世界,,,,,,,,,,,,,,,,,,,,,,,,,,,,,
hsp 原因,,,,,,,,,,,,,,,,,,,,,,,,,,,,,
hsp 双極性障害,,,,,,,,,,,,,,,,,,,,,,,,,,,,,
hsp 吐き気,,,,,,,,,,,,,,,,,,,,,,,,,,,,,
hsp 周りの人が できること,,,,,,,,,,,,,,,,,,,,,,,,,,,,,
hsp 和名,,,,,,,,,,,,,,,,,,,,,,,,,,,,,
hsp 子供 チェック,,,,,,,,,,,,,,,,,,,,,,,,,,,,,
hsp 子供 特徴,,,,,,,,,,,,,,,,,,,,,,,,,,,,,
hsp 家族 疲れる,,,,,,,,,,,,,,,,,,,,,,,,,,,,,
hsp 対処法,,,,,,,,,,,,,,,,,,,,,,,,,,,,,
hsp 幼児,,,,,,,,,,,,,,,,,,,,,,,,,,,,,
hsp 幼少期,,,,,,,,,,,,,,,,,,,,,,,,,,,,,
hsp 強迫性障害,,,,,,,,,,,,,,,,,,,,,,,,,,,,,
hsp 心療内科,,,,,,,,,,,,,,,,,,,,,,,,,,,,,
hsp 意味 は,,,,,,,,,,,,,,,,,,,,,,,,,,,,,
hsp 意味は,,,,,,,,,,,,,,,,,,,,,,,,,,,,,
hsp 抜け てる,,,,,,,,,,,,,,,,,,,,,,,,,,,,,
hsp 抜けてる,,,,,,,,,,,,,,,,,,,,,,,,,,,,,
hsp 抜毛症,,,,,,,,,,,,,,,,,,,,,,,,,,,,,
hsp 接し方,,,,,,,,,,,,,,,,,,,,,,,,,,,,,
hsp 擁護者,,,,,,,,,,,,,,,,,,,,,,,,,,,,,
hsp 検査,,,,,,,,,,,,,,,,,,,,,,,,,,,,,
hsp 治し方,,,,,,,,,,,,,,,,,,,,,,,,,,,,,
hsp 治る,,,,,,,,,,,,,,,,,,,,,,,,,,,,,
hsp 治るのか,,,,,,,,,,,,,,,,,,,,,,,,,,,,,
hsp 治療,,,,,,,,,,,,,,,,,,,,,,,,,,,,,
hsp 治療法,,,,,,,,,,,,,,,,,,,,,,,,,,,,,
hsp 溶媒,,,,,,,,,,,,,,,,,,,,,,,,,,,,,
hsp 片頭痛,,,,,,,,,,,,,,,,,,,,,,,,,,,,,
hsp 物音 に 敏感,,,,,,,,,,,,,,,,,,,,,,,,,,,,,
hsp 特徴 子供,,,,,,,,,,,,,,,,,,,,,,,,,,,,,
hsp 生きづらい,,,,,,,,,,,,,,,,,,,,,,,,,,,,,
hsp 病気,,,,,,,,,,,,,,,,,,,,,,,,,,,,,
hsp 症状 は,,,,,,,,,,,,,,,,,,,,,,,,,,,,,
hsp 発達障害 違い,,,,,,,,,,,,,,,,,,,,,,,,,,,,,
hsp 睡眠障害,,,,,,,,,,,,,,,,,,,,,,,,,,,,,
hsp 精神疾患,,,,,,,,,,,,,,,,,,,,,,,,,,,,,
hsp 精神科,,,,,,,,,,,,,,,,,,,,,,,,,,,,,
hsp 耳鳴り,,,,,,,,,,,,,,,,,,,,,,,,,,,,,
hsp 薬物療法,,,,,,,,,,,,,,,,,,,,,,,,,,,,,
hsp 論理 的 思考,,,,,,,,,,,,,,,,,,,,,,,,,,,,,
hsp 躁鬱,,,,,,,,,,,,,,,,,,,,,,,,,,,,,
hsp 軽度,,,,,,,,,,,,,,,,,,,,,,,,,,,,,
hsp 適した職業,,,,,,,,,,,,,,,,,,,,,,,,,,,,,
hsp 適応障害,,,,,,,,,,,,,,,,,,,,,,,,,,,,,
hsp 障害,,,,,,,,,,,,,,,,,,,,,,,,,,,,,
hsp 類型,,,,,,,,,,,,,,,,,,,,,,,,,,,,,
hsp 類語,,,,,,,,,,,,,,,,,,,,,,,,,,,,,
hsp-30f,,,,,,,,,,,,,,,,,,,,,,,,,,,,,
hspn 医療,,,,,,,,,,,,,,,,,,,,,,,,,,,,,
infjt hsp,,,,,,,,,,,,,,,,,,,,,,,,,,,,,
is hsp adhd,,,,,,,,,,,,,,,,,,,,,,,,,,,,,
is hsp asd,,,,,,,,,,,,,,,,,,,,,,,,,,,,,
n ips2380uhdr c65w hsp,,,,,,,,,,,,,,,,,,,,,,,,,,,,,
n ips238fhd c65w hsp,,,,,,,,,,,,,,,,,,,,,,,,,,,,,
n-ips238fhdr-c65w-hsp,,,,,,,,,,,,,,,,,,,,,,,,,,,,,
n-ips27uhdr-c65w-hsp-w,,,,,,,,,,,,,,,,,,,,,,,,,,,,,
n-ips315u-hsp,,,,,,,,,,,,,,,,,,,,,,,,,,,,,
nmp hsp,,,,,,,,,,,,,,,,,,,,,,,,,,,,,
raid1+hsp,,,,,,,,,,,,,,,,,,,,,,,,,,,,,
raid5 hsp,,,,,,,,,,,,,,,,,,,,,,,,,,,,,
rasiicu hsp,,,,,,,,,,,,,,,,,,,,,,,,,,,,,
reo_hsp_career,,,,,,,,,,,,,,,,,,,,,,,,,,,,,
ruckus hsp,,,,,,,,,,,,,,,,,,,,,,,,,,,,,
salomon hsp taka,,,,,,,,,,,,,,,,,,,,,,,,,,,,,
the highly sensitive person hsp,,,,,,,,,,,,,,,,,,,,,,,,,,,,,
what is hss hsp,,,,,,,,,,,,,,,,,,,,,,,,,,,,,
が る ちゃん hsp,,,,,,,,,,,,,,,,,,,,,,,,,,,,,
すぐ泣い て しまう hsp 診断,,,,,,,,,,,,,,,,,,,,,,,,,,,,,
すぐ泣いてしまう hsp,,,,,,,,,,,,,,,,,,,,,,,,,,,,,
ぬhうh,,,,,,,,,,,,,,,,,,,,,,,,,,,,,
ぬいぐるみ hsp,,,,,,,,,,,,,,,,,,,,,,,,,,,,,
ゆうメンタルクリニック hsp,,,,,,,,,,,,,,,,,,,,,,,,,,,,,
ゆり ぬ hsp,,,,,,,,,,,,,,,,,,,,,,,,,,,,,
ゆりか hsp インスタ,,,,,,,,,,,,,,,,,,,,,,,,,,,,,
ゆりぬ hsp,,,,,,,,,,,,,,,,,,,,,,,,,,,,,
カウンセリング hsp,,,,,,,,,,,,,,,,,,,,,,,,,,,,,
クリエイター hsp,,,,,,,,,,,,,,,,,,,,,,,,,,,,,
クレアチン hsp,,,,,,,,,,,,,,,,,,,,,,,,,,,,,
ケバブ hsp,,,,,,,,,,,,,,,,,,,,,,,,,,,,,
ケバブ hsp と は,,,,,,,,,,,,,,,,,,,,,,,,,,,,,
コミュ障 hsp,,,,,,,,,,,,,,,,,,,,,,,,,,,,,
サイコパス hsp,,,,,,,,,,,,,,,,,,,,,,,,,,,,,
タクシー 運転 手 hsp,,,,,,,,,,,,,,,,,,,,,,,,,,,,,
ネイリスト hsp,,,,,,,,,,,,,,,,,,,,,,,,,,,,,
ノイキャン hsp,,,,,,,,,,,,,,,,,,,,,,,,,,,,,
ハイパースケーラー hsp,,,,,,,,,,,,,,,,,,,,,,,,,,,,,
ヘッドホン hsp,,,,,,,,,,,,,,,,,,,,,,,,,,,,,
ホラー 苦手 hsp,,,,,,,,,,,,,,,,,,,,,,,,,,,,,
マグネシウム hsp,,,,,,,,,,,,,,,,,,,,,,,,,,,,,
メガネ hsp,,,,,,,,,,,,,,,,,,,,,,,,,,,,,
メンタル 弱い hsp,,,,,,,,,,,,,,,,,,,,,,,,,,,,,
メンタルクリニック hsp,,,,,,,,,,,,,,,,,,,,,,,,,,,,,
モニター hsp,,,,,,,,,,,,,,,,,,,,,,,,,,,,,
モニター hsp と は,,,,,,,,,,,,,,,,,,,,,,,,,,,,,
モラハラ hsp,,,,,,,,,,,,,,,,,,,,,,,,,,,,,
モラハラ 夫 hsp 妻,,,,,,,,,,,,,,,,,,,,,,,,,,,,,
モリオン hsp,,,,,,,,,,,,,,,,,,,,,,,,,,,,,
ヤフー hsp,,,,,,,,,,,,,,,,,,,,,,,,,,,,,
ユビー hsp,,,,,,,,,,,,,,,,,,,,,,,,,,,,,
ライブ hsp,,,,,,,,,,,,,,,,,,,,,,,,,,,,,
リセット症候群 hsp,,,,,,,,,,,,,,,,,,,,,,,,,,,,,
ルート営業 hsp,,,,,,,,,,,,,,,,,,,,,,,,,,,,,
レキサルティ hsp,,,,,,,,,,,,,,,,,,,,,,,,,,,,,
レクサプロ hsp,,,,,,,,,,,,,,,,,,,,,,,,,,,,,
レジリエンス hsp,,,,,,,,,,,,,,,,,,,,,,,,,,,,,
レゾナック hsp,,,,,,,,,,,,,,,,,,,,,,,,,,,,,
レディーガガ hsp,,,,,,,,,,,,,,,,,,,,,,,,,,,,,
ロイヤルカナン hsp,,,,,,,,,,,,,,,,,,,,,,,,,,,,,
ロストワン hsp,,,,,,,,,,,,,,,,,,,,,,,,,,,,,
ロンブー 淳 hss 型 hsp,,,,,,,,,,,,,,,,,,,,,,,,,,,,,
ワーキング メモリ hsp,,,,,,,,,,,,,,,,,,,,,,,,,,,,,
不 登校 hsp,,,,,,,,,,,,,,,,,,,,,,,,,,,,,
不安 が 強い hsp,,,,,,,,,,,,,,,,,,,,,,,,,,,,,
不安 症 hsp,,,,,,,,,,,,,,,,,,,,,,,,,,,,,
不安 障害 hsp,,,,,,,,,,,,,,,,,,,,,,,,,,,,,
不安 障害 と hsp,,,,,,,,,,,,,,,,,,,,,,,,,,,,,
不安障害 hsp 違い,,,,,,,,,,,,,,,,,,,,,,,,,,,,,
不眠 症 hsp,,,,,,,,,,,,,,,,,,,,,,,,,,,,,
人間嫌い hsp,,,,,,,,,,,,,,,,,,,,,,,,,,,,,
他人 軸 hsp,,,,,,,,,,,,,,,,,,,,,,,,,,,,,
休日 ずっと寝てしまう hsp,,,,,,,,,,,,,,,,,,,,,,,,,,,,,
休日ずっと寝てしまう hsp 知恵袋,,,,,,,,,,,,,,,,,,,,,,,,,,,,,
体力がない hsp,,,,,,,,,,,,,,,,,,,,,,,,,,,,,
何 型 hsp 診断,,,,,,,,,,,,,,,,,,,,,,,,,,,,,
偏頭痛 hsp,,,,,,,,,,,,,,,,,,,,,,,,,,,,,
偏食 hsp,,,,,,,,,,,,,,,,,,,,,,,,,,,,,
優先順位 つけられない hsp,,,,,,,,,,,,,,,,,,,,,,,,,,,,,
元 hsp,,,,,,,,,,,,,,,,,,,,,,,,,,,,,
六本木クリニック hsp,,,,,,,,,,,,,,,,,,,,,,,,,,,,,
内向 型 hsp と は,,,,,,,,,,,,,,,,,,,,,,,,,,,,,
劣等感 hsp,,,,,,,,,,,,,,,,,,,,,,,,,,,,,
双極性障害 hsp,,,,,,,,,,,,,,,,,,,,,,,,,,,,,
向いてる仕事 hsp,,,,,,,,,,,,,,,,,,,,,,,,,,,,,
四柱 推命 hsp,,,,,,,,,,,,,,,,,,,,,,,,,,,,,
天才 hsp,,,,,,,,,,,,,,,,,,,,,,,,,,,,,
娘 hsp,,,,,,,,,,,,,,,,,,,,,,,,,,,,,
娘 が hsp,,,,,,,,,,,,,,,,,,,,,,,,,,,,,
子供 hsp,,,,,,,,,,,,,,,,,,,,,,,,,,,,,
子供 hsp 特徴,,,,,,,,,,,,,,,,,,,,,,,,,,,,,
子供の 泣き声 苦手 hsp,,,,,,,,,,,,,,,,,,,,,,,,,,,,,
寝 すぎる hsp,,,,,,,,,,,,,,,,,,,,,,,,,,,,,
寝ても疲れが取れない hsp,,,,,,,,,,,,,,,,,,,,,,,,,,,,,
対人恐怖症 hsp,,,,,,,,,,,,,,,,,,,,,,,,,,,,,
山本博志 hsp,,,,,,,,,,,,,,,,,,,,,,,,,,,,,
幼児 hsp,,,,,,,,,,,,,,,,,,,,,,,,,,,,,
建築家 hsp,,,,,,,,,,,,,,,,,,,,,,,,,,,,,
強迫 性 障害 hsp,,,,,,,,,,,,,,,,,,,,,,,,,,,,,
当日になると行きたくなくなる hsp,,,,,,,,,,,,,,,,,,,,,,,,,,,,,
心療 内科 hsp,,,,,,,,,,,,,,,,,,,,,,,,,,,,,
怒られるのが怖い hsp,,,,,,,,,,,,,,,,,,,,,,,,,,,,,
息子 hsp,,,,,,,,,,,,,,,,,,,,,,,,,,,,,
悪口 hsp,,,,,,,,,,,,,,,,,,,,,,,,,,,,,
手帳 hsp,,,,,,,,,,,,,,,,,,,,,,,,,,,,,
抜毛 症 hsp,,,,,,,,,,,,,,,,,,,,,,,,,,,,,
日本人 hsp 割合,,,,,,,,,,,,,,,,,,,,,,,,,,,,,
松伏 hsp,,,,,,,,,,,,,,,,,,,,,,,,,,,,,
水 hsp,,,,,,,,,,,,,,,,,,,,,,,,,,,,,
水 hsp 値,,,,,,,,,,,,,,,,,,,,,,,,,,,,,
溶解度 パラメータ hsp,,,,,,,,,,,,,,,,,,,,,,,,,,,,,
潔癖症 hsp,,,,,,,,,,,,,,,,,,,,,,,,,,,,,
無料 hsp 診断,,,,,,,,,,,,,,,,,,,,,,,,,,,,,
無料 hsp 診断 テスト,,,,,,,,,,,,,,,,,,,,,,,,,,,,,
無気力 hsp,,,,,,,,,,,,,,,,,,,,,,,,,,,,,
燃え尽き症候群 hsp,,,,,,,,,,,,,,,,,,,,,,,,,,,,,
片 頭痛 hsp,,,,,,,,,,,,,,,,,,,,,,,,,,,,,
理学 療法 士 hsp,,,,,,,,,,,,,,,,,,,,,,,,,,,,,
生きづらい hsp,,,,,,,,,,,,,,,,,,,,,,,,,,,,,
発達 障害 hsp,,,,,,,,,,,,,,,,,,,,,,,,,,,,,
発達 障害 hsp と は,,,,,,,,,,,,,,,,,,,,,,,,,,,,,
発達 障害 hsp 併発,,,,,,,,,,,,,,,,,,,,,,,,,,,,,
発達 障害 hsp 診断,,,,,,,,,,,,,,,,,,,,,,,,,,,,,
発達 障害 と hsp,,,,,,,,,,,,,,,,,,,,,,,,,,,,,
発達障害 hsp 違い,,,,,,,,,,,,,,,,,,,,,,,,,,,,,
発達障害グレーゾーン hsp,,,,,,,,,,,,,,,,,,,,,,,,,,,,,
相談すると泣いてしまう hsp,,,,,,,,,,,,,,,,,,,,,,,,,,,,,
知恵袋 hsp,,,,,,,,,,,,,,,,,,,,,,,,,,,,,
私 hsp,,,,,,,,,,,,,,,,,,,,,,,,,,,,,
私 は hsp です,,,,,,,,,,,,,,,,,,,,,,,,,,,,,
私 は hsp です か,,,,,,,,,,,,,,,,,,,,,,,,,,,,,
筋トレ hsp,,,,,,,,,,,,,,,,,,,,,,,,,,,,,
精神 科 hsp,,,,,,,,,,,,,,,,,,,,,,,,,,,,,
精神疾患 hsp,,,,,,,,,,,,,,,,,,,,,,,,,,,,,
総務 hsp,,,,,,,,,,,,,,,,,,,,,,,,,,,,,
臨床 心理 士 hsp,,,,,,,,,,,,,,,,,,,,,,,,,,,,,
自分 を 責める hsp,,,,,,,,,,,,,,,,,,,,,,,,,,,,,
論理学者 hsp,,,,,,,,,,,,,,,,,,,,,,,,,,,,,
警察 官 hsp,,,,,,,,,,,,,,,,,,,,,,,,,,,,,
赤ちゃんの泣き声 苦手 hsp,,,,,,,,,,,,,,,,,,,,,,,,,,,,,
躁鬱 hsp,,,,,,,,,,,,,,,,,,,,,,,,,,,,,
車 hsp,,,,,,,,,,,,,,,,,,,,,,,,,,,,,
転職 エージェント hsp,,,,,,,,,,,,,,,,,,,,,,,,,,,,,
軽度 の hsp,,,,,,,,,,,,,,,,,,,,,,,,,,,,,
軽度知的障害 hsp,,,,,,,,,,,,,,,,,,,,,,,,,,,,,
障害 hsp,,,,,,,,,,,,,,,,,,,,,,,,,,,,,
熱ショックタンパク質(hsp),,,,,,,,,,,,,,,,,,,,,,,,,,,,,
ヘノッホ・シェーンライン紫斑病(hsp),,,,,,,,,,,,,,,,,,,,,,,,,,,,,
hsp=仕事 どうして る,,,,,,,,,,,,,,,,,,,,,,,,,,,,,
hsp 70 antibody (anti 68 kd antigen),,,,,,,,,,,,,,,,,,,,,,,,,,,,,
